<?xml version="1.0" encoding="UTF-8" ?>
<!DOCTYPE mapper PUBLIC "-//mybatis.org//DTD Mapper 3.0//EN" "http://mybatis.org/dtd/mybatis-3-mapper.dtd" >
<mapper namespace="org.pcl.tms.Mapper.BoatCompanyMapper" >
  <resultMap id="BaseResultMap" type="org.pcl.tms.Model.BoatCompany" >
    <id column="id" property="id" jdbcType="INTEGER" />
    <result column="boot_name" property="bootName" jdbcType="VARCHAR" />
  </resultMap>
  <sql id="Base_Column_List" >
    id, boot_name
  </sql>
  <select id="selectByPrimaryKey" resultMap="BaseResultMap" parameterType="java.lang.Integer" >
    select 
    <include refid="Base_Column_List" />
    from boat_company
    where id = #{id,jdbcType=INTEGER}
  </select>

  <select id="selectAll" resultMap="BaseResultMap">
  select *
  from boat_company
  </select>

  <delete id="deleteByPrimaryKey" parameterType="java.lang.Integer" >
    delete from boat_company
    where id = #{id,jdbcType=INTEGER}
  </delete>
  <insert id="insert" parameterType="org.pcl.tms.Model.BoatCompany" >
    insert into boat_company (id, boot_name)
    values (#{id,jdbcType=INTEGER}, #{bootName,jdbcType=VARCHAR})
  </insert>
  <insert id="insertSelective" parameterType="org.pcl.tms.Model.BoatCompany" >
    insert into boat_company
    <trim prefix="(" suffix=")" suffixOverrides="," >
      <if test="id != null" >
        id,
      </if>
      <if test="bootName != null" >
        boot_name,
      </if>
    </trim>
    <trim prefix="values (" suffix=")" suffixOverrides="," >
      <if test="id != null" >
        #{id,jdbcType=INTEGER},
      </if>
      <if test="bootName != null" >
        #{bootName,jdbcType=VARCHAR},
      </if>
    </trim>
  </insert>
  <update id="updateByPrimaryKeySelective" parameterType="org.pcl.tms.Model.BoatCompany" >
    update boat_company
    <set >
      <if test="bootName != null" >
        boot_name = #{bootName,jdbcType=VARCHAR},
      </if>
    </set>
    where id = #{id,jdbcType=INTEGER}
  </update>
  <update id="updateByPrimaryKey" parameterType="org.pcl.tms.Model.BoatCompany" >
    update boat_company
    set boot_name = #{bootName,jdbcType=VARCHAR}
    where id = #{id,jdbcType=INTEGER}
  </update>
</mapper>