<?xml version="1.0" encoding="UTF-8" ?>
<!DOCTYPE mapper PUBLIC "-//mybatis.org//DTD Mapper 3.0//EN" "http://mybatis.org/dtd/mybatis-3-mapper.dtd" >
<mapper namespace="org.pcl.tms.Mapper.BusinessInfoMapper" >
  <resultMap id="BaseResultMap" type="org.pcl.tms.Model.BusinessInfo" >
      <id column="id" property="id" jdbcType="VARCHAR"/>
      <result column="related_order_id" property="relatedOrderId" jdbcType="VARCHAR"/>
    <result column="order_type" property="orderType" jdbcType="INTEGER" />
    <result column="so_num" property="soNum" jdbcType="VARCHAR" />
    <result column="boat_company_id" property="boatCompanyId" jdbcType="INTEGER" />
      <result column="yuyue_daochang_time" property="yuyueDaochangTime" jdbcType="TIMESTAMP"/>
      <result column="earliest_tigui_time" property="earliestTiguiTime" jdbcType="TIMESTAMP"/>
      <result column="latest_tigui_time" property="latestTiguiTime" jdbcType="TIMESTAMP"/>
      <result column="latest_huangui_time" property="latestHuanguiTime" jdbcType="TIMESTAMP"/>
    <result column="order_weight" property="orderWeight" jdbcType="REAL" />
    <result column="container_type_id" property="containerTypeId" jdbcType="INTEGER" />
    <result column="container_position" property="containerPosition" jdbcType="VARCHAR" />
    <result column="is_double" property="isDouble" jdbcType="INTEGER" />
    <result column="is_weighing" property="isWeighing" jdbcType="INTEGER" />
    <result column="weighing_type_id" property="weighingTypeId" jdbcType="INTEGER" />
    <result column="custom_type_id" property="customTypeId" jdbcType="INTEGER" />
    <result column="client_order_num" property="clientOrderNum" jdbcType="VARCHAR" />
    <result column="carry_doc" property="carryDoc" jdbcType="VARCHAR" />
    <result column="note" property="note" jdbcType="VARCHAR" />
  </resultMap>
  <sql id="Base_Column_List" >
    id, related_order_id, order_type, so_num, boat_company_id, yuyue_daochang_time, earliest_tigui_time, 
    latest_tigui_time, latest_huangui_time, order_weight, container_type_id, container_position, 
    is_double, is_weighing, weighing_type_id, custom_type_id, client_order_num, carry_doc, 
    note
  </sql>
    <select id="selectByPrimaryKey" resultMap="BaseResultMap" parameterType="java.lang.String">
    select 
    <include refid="Base_Column_List" />
    from business_info
        where id = #{id,jdbcType=VARCHAR}
  </select>
    <select id="selectBySo" parameterType="java.lang.String" resultMap="BaseResultMap">
      select *
      from ( business_info bi inner join orders o on o.business_info_id = bi.id)
      where bi.so_num = #{so_num} and bi.order_type =3 and o.process_status =3
    </select>

    <delete id="deleteByPrimaryKey" parameterType="java.lang.String">
    delete from business_info
    where id = #{id,jdbcType=VARCHAR}
  </delete>
  <insert id="insert" parameterType="org.pcl.tms.Model.BusinessInfo" >
    insert into business_info (id, related_order_id, order_type, 
      so_num, boat_company_id, yuyue_daochang_time, 
      earliest_tigui_time, latest_tigui_time, 
      latest_huangui_time, order_weight, container_type_id, 
      container_position, is_double, is_weighing, 
      weighing_type_id, custom_type_id, client_order_num, 
      carry_doc, note)
    values (#{id,jdbcType=VARCHAR}, #{relatedOrderId,jdbcType=VARCHAR}, #{orderType,jdbcType=INTEGER}, 
      #{soNum,jdbcType=VARCHAR}, #{boatCompanyId,jdbcType=INTEGER}, #{yuyueDaochangTime,jdbcType=TIMESTAMP}, 
      #{earliestTiguiTime,jdbcType=TIMESTAMP}, #{latestTiguiTime,jdbcType=TIMESTAMP}, 
      #{latestHuanguiTime,jdbcType=TIMESTAMP}, #{orderWeight,jdbcType=REAL}, #{containerTypeId,jdbcType=INTEGER}, 
      #{containerPosition,jdbcType=VARCHAR}, #{isDouble,jdbcType=INTEGER}, #{isWeighing,jdbcType=INTEGER}, 
      #{weighingTypeId,jdbcType=INTEGER}, #{customTypeId,jdbcType=INTEGER}, #{clientOrderNum,jdbcType=VARCHAR}, 
      #{carryDoc,jdbcType=VARCHAR}, #{note,jdbcType=VARCHAR})
  </insert>
  <insert id="insertSelective" parameterType="org.pcl.tms.Model.BusinessInfo" >
    insert into business_info
    <trim prefix="(" suffix=")" suffixOverrides="," >
      <if test="id != null" >
        id,
      </if>
      <if test="relatedOrderId != null" >
        related_order_id,
      </if>
      <if test="orderType != null" >
        order_type,
      </if>
      <if test="soNum != null" >
        so_num,
      </if>
      <if test="boatCompanyId != null" >
        boat_company_id,
      </if>
      <if test="yuyueDaochangTime != null" >
        yuyue_daochang_time,
      </if>
      <if test="earliestTiguiTime != null" >
        earliest_tigui_time,
      </if>
      <if test="latestTiguiTime != null" >
        latest_tigui_time,
      </if>
      <if test="latestHuanguiTime != null" >
        latest_huangui_time,
      </if>
      <if test="orderWeight != null" >
        order_weight,
      </if>
      <if test="containerTypeId != null" >
        container_type_id,
      </if>
      <if test="containerPosition != null" >
        container_position,
      </if>
      <if test="isDouble != null" >
        is_double,
      </if>
      <if test="isWeighing != null" >
        is_weighing,
      </if>
      <if test="weighingTypeId != null" >
        weighing_type_id,
      </if>
      <if test="customTypeId != null" >
        custom_type_id,
      </if>
      <if test="clientOrderNum != null" >
        client_order_num,
      </if>
      <if test="carryDoc != null" >
        carry_doc,
      </if>
      <if test="note != null" >
        note,
      </if>
    </trim>
    <trim prefix="values (" suffix=")" suffixOverrides="," >
      <if test="id != null" >
          #{id,jdbcType=VARCHAR},
      </if>
      <if test="relatedOrderId != null" >
          #{relatedOrderId,jdbcType=VARCHAR},
      </if>
      <if test="orderType != null" >
        #{orderType,jdbcType=INTEGER},
      </if>
      <if test="soNum != null" >
        #{soNum,jdbcType=VARCHAR},
      </if>
      <if test="boatCompanyId != null" >
        #{boatCompanyId,jdbcType=INTEGER},
      </if>
      <if test="yuyueDaochangTime != null" >
          #{yuyueDaochangTime,jdbcType=TIMESTAMP},
      </if>
      <if test="earliestTiguiTime != null" >
          #{earliestTiguiTime,jdbcType=TIMESTAMP},
      </if>
      <if test="latestTiguiTime != null" >
          #{latestTiguiTime,jdbcType=TIMESTAMP},
      </if>
      <if test="latestHuanguiTime != null" >
          #{latestHuanguiTime,jdbcType=TIMESTAMP},
      </if>
      <if test="orderWeight != null" >
        #{orderWeight,jdbcType=REAL},
      </if>
      <if test="containerTypeId != null" >
        #{containerTypeId,jdbcType=INTEGER},
      </if>
      <if test="containerPosition != null" >
        #{containerPosition,jdbcType=VARCHAR},
      </if>
      <if test="isDouble != null" >
        #{isDouble,jdbcType=INTEGER},
      </if>
      <if test="isWeighing != null" >
        #{isWeighing,jdbcType=INTEGER},
      </if>
      <if test="weighingTypeId != null" >
        #{weighingTypeId,jdbcType=INTEGER},
      </if>
      <if test="customTypeId != null" >
        #{customTypeId,jdbcType=INTEGER},
      </if>
      <if test="clientOrderNum != null" >
        #{clientOrderNum,jdbcType=VARCHAR},
      </if>
      <if test="carryDoc != null" >
        #{carryDoc,jdbcType=VARCHAR},
      </if>
      <if test="note != null" >
        #{note,jdbcType=VARCHAR},
      </if>
    </trim>
  </insert>
  <update id="updateByPrimaryKeySelective" parameterType="org.pcl.tms.Model.BusinessInfo" >
    update business_info
    <set >
      <if test="relatedOrderId != null" >
          related_order_id = #{relatedOrderId,jdbcType=VARCHAR},
      </if>
      <if test="orderType != null" >
        order_type = #{orderType,jdbcType=INTEGER},
      </if>
      <if test="soNum != null" >
        so_num = #{soNum,jdbcType=VARCHAR},
      </if>
      <if test="boatCompanyId != null" >
        boat_company_id = #{boatCompanyId,jdbcType=INTEGER},
      </if>
      <if test="yuyueDaochangTime != null" >
          yuyue_daochang_time = #{yuyueDaochangTime,jdbcType=TIMESTAMP},
      </if>
      <if test="earliestTiguiTime != null" >
          earliest_tigui_time = #{earliestTiguiTime,jdbcType=TIMESTAMP},
      </if>
      <if test="latestTiguiTime != null" >
          latest_tigui_time = #{latestTiguiTime,jdbcType=TIMESTAMP},
      </if>
      <if test="latestHuanguiTime != null" >
          latest_huangui_time = #{latestHuanguiTime,jdbcType=TIMESTAMP},
      </if>
      <if test="orderWeight != null" >
        order_weight = #{orderWeight,jdbcType=REAL},
      </if>
      <if test="containerTypeId != null" >
        container_type_id = #{containerTypeId,jdbcType=INTEGER},
      </if>
      <if test="containerPosition != null" >
        container_position = #{containerPosition,jdbcType=VARCHAR},
      </if>
      <if test="isDouble != null" >
        is_double = #{isDouble,jdbcType=INTEGER},
      </if>
      <if test="isWeighing != null" >
        is_weighing = #{isWeighing,jdbcType=INTEGER},
      </if>
      <if test="weighingTypeId != null" >
        weighing_type_id = #{weighingTypeId,jdbcType=INTEGER},
      </if>
      <if test="customTypeId != null" >
        custom_type_id = #{customTypeId,jdbcType=INTEGER},
      </if>
      <if test="clientOrderNum != null" >
        client_order_num = #{clientOrderNum,jdbcType=VARCHAR},
      </if>
      <if test="carryDoc != null" >
        carry_doc = #{carryDoc,jdbcType=VARCHAR},
      </if>
      <if test="note != null" >
        note = #{note,jdbcType=VARCHAR},
      </if>
    </set>
      where id = #{id,jdbcType=VARCHAR}
  </update>
  <update id="updateByPrimaryKey" parameterType="org.pcl.tms.Model.BusinessInfo" >
    update business_info
    set related_order_id = #{relatedOrderId,jdbcType=VARCHAR},
      order_type = #{orderType,jdbcType=INTEGER},
      so_num = #{soNum,jdbcType=VARCHAR},
      boat_company_id = #{boatCompanyId,jdbcType=INTEGER},
      yuyue_daochang_time = #{yuyueDaochangTime,jdbcType=TIMESTAMP},
      earliest_tigui_time = #{earliestTiguiTime,jdbcType=TIMESTAMP},
      latest_tigui_time = #{latestTiguiTime,jdbcType=TIMESTAMP},
      latest_huangui_time = #{latestHuanguiTime,jdbcType=TIMESTAMP},
      order_weight = #{orderWeight,jdbcType=REAL},
      container_type_id = #{containerTypeId,jdbcType=INTEGER},
      container_position = #{containerPosition,jdbcType=VARCHAR},
      is_double = #{isDouble,jdbcType=INTEGER},
      is_weighing = #{isWeighing,jdbcType=INTEGER},
      weighing_type_id = #{weighingTypeId,jdbcType=INTEGER},
      custom_type_id = #{customTypeId,jdbcType=INTEGER},
      client_order_num = #{clientOrderNum,jdbcType=VARCHAR},
      carry_doc = #{carryDoc,jdbcType=VARCHAR},
      note = #{note,jdbcType=VARCHAR}
    where id = #{id,jdbcType=VARCHAR}
  </update>
</mapper>