<?xml version="1.0" encoding="UTF-8" ?>
<!DOCTYPE mapper PUBLIC "-//mybatis.org//DTD Mapper 3.0//EN" "http://mybatis.org/dtd/mybatis-3-mapper.dtd" >
<mapper namespace="org.pcl.tms.Mapper.CarMapper" >
  <resultMap id="BaseResultMap" type="org.pcl.tms.Model.Car" >
    <id column="id" property="id" jdbcType="INTEGER" />
    <result column="car_num" property="carNum" jdbcType="VARCHAR" />
    <result column="car_brand" property="carBrand" jdbcType="VARCHAR" />
    <result column="car_driving_license" property="carDrivingLicense" jdbcType="VARCHAR" />
    <result column="car_trans_cert" property="carTransCert" jdbcType="VARCHAR" />
    <result column="car_photo" property="carPhoto" jdbcType="VARCHAR" />
    <result column="is_valid" property="isValid" jdbcType="INTEGER" />
  </resultMap>
  <sql id="Base_Column_List" >
    id, car_num, car_brand, car_driving_license, car_trans_cert, car_photo, is_valid
  </sql>
  <select id="selectByPrimaryKey" resultMap="BaseResultMap" parameterType="java.lang.Integer" >
    select 
    <include refid="Base_Column_List" />
    from car
    where id = #{id,jdbcType=INTEGER}
  </select>
  <select id="selectByCarNum" resultMap="BaseResultMap" parameterType="org.pcl.tms.Model.Car">
    select *
    from car
    where car_num =#{carNum}
  </select>
  <delete id="deleteByPrimaryKey" parameterType="java.lang.Integer" >
    delete from car
    where id = #{id,jdbcType=INTEGER}
  </delete>
  <insert id="insert" parameterType="org.pcl.tms.Model.Car" >
    insert into car (id, car_num, car_brand, 
      car_driving_license, car_trans_cert, car_photo, 
      is_valid)
    values (#{id,jdbcType=INTEGER}, #{carNum,jdbcType=VARCHAR}, #{carBrand,jdbcType=VARCHAR}, 
      #{carDrivingLicense,jdbcType=VARCHAR}, #{carTransCert,jdbcType=VARCHAR}, #{carPhoto,jdbcType=VARCHAR}, 
      #{isValid,jdbcType=INTEGER})
  </insert>
  <insert id="insertSelective" parameterType="org.pcl.tms.Model.Car" >
    insert into car
    <trim prefix="(" suffix=")" suffixOverrides="," >
      <if test="id != null" >
        id,
      </if>
      <if test="carNum != null" >
        car_num,
      </if>
      <if test="carBrand != null" >
        car_brand,
      </if>
      <if test="carDrivingLicense != null" >
        car_driving_license,
      </if>
      <if test="carTransCert != null" >
        car_trans_cert,
      </if>
      <if test="carPhoto != null" >
        car_photo,
      </if>
      <if test="isValid != null" >
        is_valid,
      </if>
    </trim>
    <trim prefix="values (" suffix=")" suffixOverrides="," >
      <if test="id != null" >
        #{id,jdbcType=INTEGER},
      </if>
      <if test="carNum != null" >
        #{carNum,jdbcType=VARCHAR},
      </if>
      <if test="carBrand != null" >
        #{carBrand,jdbcType=VARCHAR},
      </if>
      <if test="carDrivingLicense != null" >
        #{carDrivingLicense,jdbcType=VARCHAR},
      </if>
      <if test="carTransCert != null" >
        #{carTransCert,jdbcType=VARCHAR},
      </if>
      <if test="carPhoto != null" >
        #{carPhoto,jdbcType=VARCHAR},
      </if>
      <if test="isValid != null" >
        #{isValid,jdbcType=INTEGER},
      </if>
    </trim>
  </insert>
  <update id="updateByPrimaryKeySelective" parameterType="org.pcl.tms.Model.Car" >
    update car
    <set >
      <if test="carNum != null" >
        car_num = #{carNum,jdbcType=VARCHAR},
      </if>
      <if test="carBrand != null" >
        car_brand = #{carBrand,jdbcType=VARCHAR},
      </if>
      <if test="carDrivingLicense != null" >
        car_driving_license = #{carDrivingLicense,jdbcType=VARCHAR},
      </if>
      <if test="carTransCert != null" >
        car_trans_cert = #{carTransCert,jdbcType=VARCHAR},
      </if>
      <if test="carPhoto != null" >
        car_photo = #{carPhoto,jdbcType=VARCHAR},
      </if>
      <if test="isValid != null" >
        is_valid = #{isValid,jdbcType=INTEGER},
      </if>
    </set>
    where id = #{id,jdbcType=INTEGER}
  </update>
  <update id="updateByPrimaryKey" parameterType="org.pcl.tms.Model.Car" >
    update car
    set car_num = #{carNum,jdbcType=VARCHAR},
      car_brand = #{carBrand,jdbcType=VARCHAR},
      car_driving_license = #{carDrivingLicense,jdbcType=VARCHAR},
      car_trans_cert = #{carTransCert,jdbcType=VARCHAR},
      car_photo = #{carPhoto,jdbcType=VARCHAR},
      is_valid = #{isValid,jdbcType=INTEGER}
    where id = #{id,jdbcType=INTEGER}
  </update>
</mapper>