<?xml version="1.0" encoding="UTF-8" ?>
<!DOCTYPE mapper PUBLIC "-//mybatis.org//DTD Mapper 3.0//EN" "http://mybatis.org/dtd/mybatis-3-mapper.dtd" >
<mapper namespace="org.pcl.tms.Mapper.ClientMapper" >
  <resultMap id="BaseResultMap" type="org.pcl.tms.Model.Client" >
    <id column="id" property="id" jdbcType="INTEGER" />
    <result column="client_name" property="clientName" jdbcType="VARCHAR" />
    <result column="client_address" property="clientAddress" jdbcType="VARCHAR" />
    <result column="client_contact" property="clientContact" jdbcType="VARCHAR" />
    <result column="client_phone" property="clientPhone" jdbcType="VARCHAR" />
    <result column="client_email" property="clientEmail" jdbcType="VARCHAR" />
    <result column="is_valid" property="isValid" jdbcType="INTEGER" />
    <result column="create_time" property="createTime" jdbcType="TIMESTAMP" />
  </resultMap>
  <sql id="Base_Column_List" >
    id, client_name, client_address, client_contact, client_phone, client_email, is_valid, 
    create_time
  </sql>
  <select id="selectByName" resultMap="BaseResultMap" parameterType="java.lang.String">
    select *
    from client
    where client_name = #{client_name}
  </select>
  <select id="FuzzySearch" resultMap="BaseResultMap" parameterType="java.lang.String">
    select *
    from client
    where client_name like concat(concat('%',#{keyword}),'%')
  </select>
  <select id="selectAll" resultMap="BaseResultMap">
    select *
    from client
    order by ${order} ${rule}
  </select>
  <select id="selectByPrimaryKey" resultMap="BaseResultMap" parameterType="java.lang.Integer" >
    select 
    <include refid="Base_Column_List" />
    from client
    where id = #{id,jdbcType=INTEGER}
  </select>
  <delete id="deleteByPrimaryKey" parameterType="java.lang.Integer" >
    delete from client
    where id = #{id,jdbcType=INTEGER}
  </delete>
  <insert id="insert" parameterType="org.pcl.tms.Model.Client" >
    insert into client (id, client_name, client_address, 
      client_contact, client_phone, client_email, 
      is_valid, create_time)
    values (#{id,jdbcType=INTEGER}, #{clientName,jdbcType=VARCHAR}, #{clientAddress,jdbcType=VARCHAR}, 
      #{clientContact,jdbcType=VARCHAR}, #{clientPhone,jdbcType=VARCHAR}, #{clientEmail,jdbcType=VARCHAR}, 
      #{isValid,jdbcType=INTEGER}, #{createTime,jdbcType=TIMESTAMP})
  </insert>
  <insert id="insertSelective" parameterType="org.pcl.tms.Model.Client" useGeneratedKeys="true" keyProperty="id">
    insert into client
    <trim prefix="(" suffix=")" suffixOverrides="," >
      <if test="id != null" >
        id,
      </if>
      <if test="clientName != null" >
        client_name,
      </if>
      <if test="clientAddress != null" >
        client_address,
      </if>
      <if test="clientContact != null" >
        client_contact,
      </if>
      <if test="clientPhone != null" >
        client_phone,
      </if>
      <if test="clientEmail != null" >
        client_email,
      </if>
      <if test="isValid != null" >
        is_valid,
      </if>
      <if test="createTime != null" >
        create_time,
      </if>
    </trim>
    <trim prefix="values (" suffix=")" suffixOverrides="," >
      <if test="id != null" >
        #{id,jdbcType=INTEGER},
      </if>
      <if test="clientName != null" >
        #{clientName,jdbcType=VARCHAR},
      </if>
      <if test="clientAddress != null" >
        #{clientAddress,jdbcType=VARCHAR},
      </if>
      <if test="clientContact != null" >
        #{clientContact,jdbcType=VARCHAR},
      </if>
      <if test="clientPhone != null" >
        #{clientPhone,jdbcType=VARCHAR},
      </if>
      <if test="clientEmail != null" >
        #{clientEmail,jdbcType=VARCHAR},
      </if>
      <if test="isValid != null" >
        #{isValid,jdbcType=INTEGER},
      </if>
      <if test="createTime != null" >
        #{createTime,jdbcType=TIMESTAMP},
      </if>
    </trim>
  </insert>
  <update id="updateByPrimaryKeySelective" parameterType="org.pcl.tms.Model.Client" >
    update client
    <set >
      <if test="clientName != null" >
        client_name = #{clientName,jdbcType=VARCHAR},
      </if>
      <if test="clientAddress != null" >
        client_address = #{clientAddress,jdbcType=VARCHAR},
      </if>
      <if test="clientContact != null" >
        client_contact = #{clientContact,jdbcType=VARCHAR},
      </if>
      <if test="clientPhone != null" >
        client_phone = #{clientPhone,jdbcType=VARCHAR},
      </if>
      <if test="clientEmail != null" >
        client_email = #{clientEmail,jdbcType=VARCHAR},
      </if>
      <if test="isValid != null" >
        is_valid = #{isValid,jdbcType=INTEGER},
      </if>
      <if test="createTime != null" >
        create_time = #{createTime,jdbcType=TIMESTAMP},
      </if>
    </set>
    where id = #{id,jdbcType=INTEGER}
  </update>
  <update id="updateByPrimaryKey" parameterType="org.pcl.tms.Model.Client" >
    update client
    set client_name = #{clientName,jdbcType=VARCHAR},
      client_address = #{clientAddress,jdbcType=VARCHAR},
      client_contact = #{clientContact,jdbcType=VARCHAR},
      client_phone = #{clientPhone,jdbcType=VARCHAR},
      client_email = #{clientEmail,jdbcType=VARCHAR},
      is_valid = #{isValid,jdbcType=INTEGER},
      create_time = #{createTime,jdbcType=TIMESTAMP}
    where id = #{id,jdbcType=INTEGER}
  </update>
</mapper>