<?xml version="1.0" encoding="UTF-8" ?>
<!DOCTYPE mapper PUBLIC "-//mybatis.org//DTD Mapper 3.0//EN" "http://mybatis.org/dtd/mybatis-3-mapper.dtd" >
<mapper namespace="org.pcl.tms.Mapper.ContainerTypeMapper" >
  <resultMap id="BaseResultMap" type="org.pcl.tms.Model.ContainerType" >
    <id column="id" property="id" jdbcType="INTEGER" />
    <result column="container_name" property="containerName" jdbcType="VARCHAR" />
  </resultMap>
  <sql id="Base_Column_List" >
    id, container_name
  </sql>
  <select id="selectByPrimaryKey" resultMap="BaseResultMap" parameterType="java.lang.Integer" >
    select 
    <include refid="Base_Column_List" />
    from container_type
    where id = #{id,jdbcType=INTEGER}
  </select>
  <select id="selectAll" resultMap="BaseResultMap">
    select *
    from container_type
  </select>
  <delete id="deleteByPrimaryKey" parameterType="java.lang.Integer" >
    delete from container_type
    where id = #{id,jdbcType=INTEGER}
  </delete>
  <insert id="insert" parameterType="org.pcl.tms.Model.ContainerType" >
    insert into container_type (id, container_name)
    values (#{id,jdbcType=INTEGER}, #{containerName,jdbcType=VARCHAR})
  </insert>
  <insert id="insertSelective" parameterType="org.pcl.tms.Model.ContainerType" >
    insert into container_type
    <trim prefix="(" suffix=")" suffixOverrides="," >
      <if test="id != null" >
        id,
      </if>
      <if test="containerName != null" >
        container_name,
      </if>
    </trim>
    <trim prefix="values (" suffix=")" suffixOverrides="," >
      <if test="id != null" >
        #{id,jdbcType=INTEGER},
      </if>
      <if test="containerName != null" >
        #{containerName,jdbcType=VARCHAR},
      </if>
    </trim>
  </insert>
  <update id="updateByPrimaryKeySelective" parameterType="org.pcl.tms.Model.ContainerType" >
    update container_type
    <set >
      <if test="containerName != null" >
        container_name = #{containerName,jdbcType=VARCHAR},
      </if>
    </set>
    where id = #{id,jdbcType=INTEGER}
  </update>
  <update id="updateByPrimaryKey" parameterType="org.pcl.tms.Model.ContainerType" >
    update container_type
    set container_name = #{containerName,jdbcType=VARCHAR}
    where id = #{id,jdbcType=INTEGER}
  </update>
</mapper>