<?xml version="1.0" encoding="UTF-8" ?>
<!DOCTYPE mapper PUBLIC "-//mybatis.org//DTD Mapper 3.0//EN" "http://mybatis.org/dtd/mybatis-3-mapper.dtd" >
<mapper namespace="org.pcl.tms.Mapper.ContractMapper" >
  <resultMap id="BaseResultMap" type="org.pcl.tms.Model.Contract" >
    <id column="id" property="id" jdbcType="INTEGER" />
    <result column="fee_info" property="feeInfo" jdbcType="VARCHAR" />
    <result column="tax" property="tax" jdbcType="REAL" />
    <result column="currency" property="currency" jdbcType="VARCHAR" />
    <result column="pay_way" property="payWay" jdbcType="VARCHAR" />
    <result column="client_id" property="clientId" jdbcType="INTEGER" />
    <result column="create_time" property="createTime" jdbcType="TIMESTAMP" />
    <result column="start_time" property="startTime" jdbcType="DATE" />
    <result column="end_time" property="endTime" jdbcType="DATE" />
  </resultMap>
  <sql id="Base_Column_List" >
    id, fee_info, tax, currency, pay_way, client_id, create_time, start_time, end_time
  </sql>
  <select id="selectByPrimaryKey" resultMap="BaseResultMap" parameterType="java.lang.Integer" >
    select 
    <include refid="Base_Column_List" />
    from contract
    where id = #{id,jdbcType=INTEGER}
  </select>
  <select id="selectByClientId" resultMap="BaseResultMap" parameterType="java.lang.Integer">
    select *
    from contract
    where client_id = #{client_id}
  </select>
  <delete id="deleteByPrimaryKey" parameterType="java.lang.Integer" >
    delete from contract
    where id = #{id,jdbcType=INTEGER}
  </delete>
  <insert id="insert" parameterType="org.pcl.tms.Model.Contract" >
    insert into contract (id, fee_info, tax, 
      currency, pay_way, client_id, 
      create_time, start_time, end_time
      )
    values (#{id,jdbcType=INTEGER}, #{feeInfo,jdbcType=VARCHAR}, #{tax,jdbcType=REAL}, 
      #{currency,jdbcType=VARCHAR}, #{payWay,jdbcType=VARCHAR}, #{clientId,jdbcType=INTEGER}, 
      #{createTime,jdbcType=TIMESTAMP}, #{startTime,jdbcType=DATE}, #{endTime,jdbcType=DATE}
      )
  </insert>
  <insert id="insertSelective" parameterType="org.pcl.tms.Model.Contract" >
    insert into contract
    <trim prefix="(" suffix=")" suffixOverrides="," >
      <if test="id != null" >
        id,
      </if>
      <if test="feeInfo != null" >
        fee_info,
      </if>
      <if test="tax != null" >
        tax,
      </if>
      <if test="currency != null" >
        currency,
      </if>
      <if test="payWay != null" >
        pay_way,
      </if>
      <if test="clientId != null" >
        client_id,
      </if>
      <if test="createTime != null" >
        create_time,
      </if>
      <if test="startTime != null" >
        start_time,
      </if>
      <if test="endTime != null" >
        end_time,
      </if>
    </trim>
    <trim prefix="values (" suffix=")" suffixOverrides="," >
      <if test="id != null" >
        #{id,jdbcType=INTEGER},
      </if>
      <if test="feeInfo != null" >
        #{feeInfo,jdbcType=VARCHAR},
      </if>
      <if test="tax != null" >
        #{tax,jdbcType=REAL},
      </if>
      <if test="currency != null" >
        #{currency,jdbcType=VARCHAR},
      </if>
      <if test="payWay != null" >
        #{payWay,jdbcType=VARCHAR},
      </if>
      <if test="clientId != null" >
        #{clientId,jdbcType=INTEGER},
      </if>
      <if test="createTime != null" >
        #{createTime,jdbcType=TIMESTAMP},
      </if>
      <if test="startTime != null" >
        #{startTime,jdbcType=DATE},
      </if>
      <if test="endTime != null" >
        #{endTime,jdbcType=DATE},
      </if>
    </trim>
  </insert>
  <update id="updateByPrimaryKeySelective" parameterType="org.pcl.tms.Model.Contract" >
    update contract
    <set >
      <if test="feeInfo != null" >
        fee_info = #{feeInfo,jdbcType=VARCHAR},
      </if>
      <if test="tax != null" >
        tax = #{tax,jdbcType=REAL},
      </if>
      <if test="currency != null" >
        currency = #{currency,jdbcType=VARCHAR},
      </if>
      <if test="payWay != null" >
        pay_way = #{payWay,jdbcType=VARCHAR},
      </if>
      <if test="clientId != null" >
        client_id = #{clientId,jdbcType=INTEGER},
      </if>
      <if test="createTime != null" >
        create_time = #{createTime,jdbcType=TIMESTAMP},
      </if>
      <if test="startTime != null" >
        start_time = #{startTime,jdbcType=DATE},
      </if>
      <if test="endTime != null" >
        end_time = #{endTime,jdbcType=DATE},
      </if>
    </set>
    where id = #{id,jdbcType=INTEGER}
  </update>
  <update id="updateByPrimaryKey" parameterType="org.pcl.tms.Model.Contract" >
    update contract
    set fee_info = #{feeInfo,jdbcType=VARCHAR},
      tax = #{tax,jdbcType=REAL},
      currency = #{currency,jdbcType=VARCHAR},
      pay_way = #{payWay,jdbcType=VARCHAR},
      client_id = #{clientId,jdbcType=INTEGER},
      create_time = #{createTime,jdbcType=TIMESTAMP},
      start_time = #{startTime,jdbcType=DATE},
      end_time = #{endTime,jdbcType=DATE}
    where id = #{id,jdbcType=INTEGER}
  </update>
</mapper>