<?xml version="1.0" encoding="UTF-8" ?>
<!DOCTYPE mapper PUBLIC "-//mybatis.org//DTD Mapper 3.0//EN" "http://mybatis.org/dtd/mybatis-3-mapper.dtd" >
<mapper namespace="org.pcl.tms.Mapper.CustomMapper" >
  <resultMap id="BaseResultMap" type="org.pcl.tms.Model.Custom" >
    <id column="id" property="id" jdbcType="INTEGER" />
    <result column="custom" property="custom" jdbcType="VARCHAR" />
  </resultMap>
  <sql id="Base_Column_List" >
    id, custom
  </sql>
  <select id="selectByPrimaryKey" resultMap="BaseResultMap" parameterType="java.lang.Integer" >
    select 
    <include refid="Base_Column_List" />
    from custom
    where id = #{id,jdbcType=INTEGER}
  </select>
  <delete id="deleteByPrimaryKey" parameterType="java.lang.Integer" >
    delete from custom
    where id = #{id,jdbcType=INTEGER}
  </delete>
  <insert id="insert" parameterType="org.pcl.tms.Model.Custom" >
    insert into custom (id, custom)
    values (#{id,jdbcType=INTEGER}, #{custom,jdbcType=VARCHAR})
  </insert>
  <insert id="insertSelective" parameterType="org.pcl.tms.Model.Custom" >
    insert into custom
    <trim prefix="(" suffix=")" suffixOverrides="," >
      <if test="id != null" >
        id,
      </if>
      <if test="custom != null" >
        custom,
      </if>
    </trim>
    <trim prefix="values (" suffix=")" suffixOverrides="," >
      <if test="id != null" >
        #{id,jdbcType=INTEGER},
      </if>
      <if test="custom != null" >
        #{custom,jdbcType=VARCHAR},
      </if>
    </trim>
  </insert>
  <update id="updateByPrimaryKeySelective" parameterType="org.pcl.tms.Model.Custom" >
    update custom
    <set >
      <if test="custom != null" >
        custom = #{custom,jdbcType=VARCHAR},
      </if>
    </set>
    where id = #{id,jdbcType=INTEGER}
  </update>
  <update id="updateByPrimaryKey" parameterType="org.pcl.tms.Model.Custom" >
    update custom
    set custom = #{custom,jdbcType=VARCHAR}
    where id = #{id,jdbcType=INTEGER}
  </update>
</mapper>