<?xml version="1.0" encoding="UTF-8" ?>
<!DOCTYPE mapper PUBLIC "-//mybatis.org//DTD Mapper 3.0//EN" "http://mybatis.org/dtd/mybatis-3-mapper.dtd" >
<mapper namespace="org.pcl.tms.Mapper.DriverOrderInfoMapper" >
  <resultMap id="BaseResultMap" type="org.pcl.tms.Model.DriverOrderInfo" >
    <id column="id" property="id" jdbcType="VARCHAR" />
    <result column="driver_id" property="driverId" jdbcType="INTEGER" />
    <result column="container_num_url" property="containerNumUrl" jdbcType="VARCHAR" />
    <result column="container_num" property="containerNum" jdbcType="VARCHAR" />
    <result column="container_weight" property="containerWeight" jdbcType="REAL" />
    <result column="seal_num" property="sealNum" jdbcType="VARCHAR" />
    <result column="seal_num_url" property="sealNumUrl" jdbcType="VARCHAR" />
    <result column="seal_photo_url" property="sealPhotoUrl" jdbcType="VARCHAR" />
    <result column="zuoyehuidan_url" property="zuoyehuidanUrl" jdbcType="VARCHAR" />
    <result column="client_weituohuidan_url" property="clientWeituohuidanUrl" jdbcType="VARCHAR" />
    <result column="weighing_fee_url" property="weighingFeeUrl" jdbcType="VARCHAR" />
    <result column="high_speed_fee_url" property="highSpeedFeeUrl" jdbcType="VARCHAR" />
    <result column="is_accept" property="isAccept" jdbcType="INTEGER" />
  </resultMap>
  <sql id="Base_Column_List" >
    id, driver_id, container_num_url, container_num, container_weight, seal_num, seal_num_url, 
    seal_photo_url, zuoyehuidan_url, client_weituohuidan_url, weighing_fee_url, high_speed_fee_url, 
    is_accept
  </sql>
  <update id="cancelDriver" parameterType="org.pcl.tms.Model.DriverOrderInfo" >
    update driver_order_info
    set driver_id = NULL
    where id = #{id,jdbcType=VARCHAR}
  </update>
  <select id="selectByPrimaryKey" resultMap="BaseResultMap" parameterType="java.lang.String" >
    select 
    <include refid="Base_Column_List" />
    from driver_order_info
    where id = #{id,jdbcType=VARCHAR}
  </select>
  <select id="GetByDriverID" parameterType="java.lang.Integer" resultMap="BaseResultMap">
    select *
    from driver_order_info
    where driver_id = #{driver_id}
  </select>
  <select id="GetOrderByDriverID" resultType="org.pcl.tms.Model.Order">
  select *
  from orders o
  where o.driver_order_id = ANY
  (select id from driver_order_info where driver_id = #{driver_id})
  order by ${order_by} ${rule}
  </select>
  <select id="GetOrderByDriverIDAndStatus" resultType="org.pcl.tms.Model.Order" parameterType="java.lang.Integer">
  select *
  from orders o
  where o.driver_order_id = ANY
  (select id from driver_order_info where driver_id = #{driver_id})
  and o.process_status =#{state}
  </select>
  <select id="GetCurrentMonthOrderByDriverID" resultType="org.pcl.tms.Model.Order">

select *
  from orders o
  where o.driver_order_id = ANY
  (select id from driver_order_info where driver_id = #{driver_id}) and DATE_FORMAT( create_time, '%Y%m' ) = DATE_FORMAT( CURDATE( ) , '%Y%m' )
  </select>
  <delete id="deleteByPrimaryKey" parameterType="java.lang.String" >
    delete from driver_order_info
    where id = #{id,jdbcType=VARCHAR}
  </delete>
  <insert id="insert" parameterType="org.pcl.tms.Model.DriverOrderInfo" >
    insert into driver_order_info (id, driver_id, container_num_url, 
      container_num, container_weight, seal_num, 
      seal_num_url, seal_photo_url, zuoyehuidan_url, 
      client_weituohuidan_url, weighing_fee_url, 
      high_speed_fee_url, is_accept)
    values (#{id,jdbcType=VARCHAR}, #{driverId,jdbcType=INTEGER}, #{containerNumUrl,jdbcType=VARCHAR}, 
      #{containerNum,jdbcType=VARCHAR}, #{containerWeight,jdbcType=REAL}, #{sealNum,jdbcType=VARCHAR}, 
      #{sealNumUrl,jdbcType=VARCHAR}, #{sealPhotoUrl,jdbcType=VARCHAR}, #{zuoyehuidanUrl,jdbcType=VARCHAR}, 
      #{clientWeituohuidanUrl,jdbcType=VARCHAR}, #{weighingFeeUrl,jdbcType=VARCHAR}, 
      #{highSpeedFeeUrl,jdbcType=VARCHAR}, #{isAccept,jdbcType=INTEGER})
  </insert>
  <insert id="insertSelective" parameterType="org.pcl.tms.Model.DriverOrderInfo" >
    insert into driver_order_info
    <trim prefix="(" suffix=")" suffixOverrides="," >
      <if test="id != null" >
        id,
      </if>
      <if test="driverId != null" >
        driver_id,
      </if>
      <if test="containerNumUrl != null" >
        container_num_url,
      </if>
      <if test="containerNum != null" >
        container_num,
      </if>
      <if test="containerWeight != null" >
        container_weight,
      </if>
      <if test="sealNum != null" >
        seal_num,
      </if>
      <if test="sealNumUrl != null" >
        seal_num_url,
      </if>
      <if test="sealPhotoUrl != null" >
        seal_photo_url,
      </if>
      <if test="zuoyehuidanUrl != null" >
        zuoyehuidan_url,
      </if>
      <if test="clientWeituohuidanUrl != null" >
        client_weituohuidan_url,
      </if>
      <if test="weighingFeeUrl != null" >
        weighing_fee_url,
      </if>
      <if test="highSpeedFeeUrl != null" >
        high_speed_fee_url,
      </if>
      <if test="isAccept != null" >
        is_accept,
      </if>
    </trim>
    <trim prefix="values (" suffix=")" suffixOverrides="," >
      <if test="id != null" >
        #{id,jdbcType=VARCHAR},
      </if>
      <if test="driverId != null" >
        #{driverId,jdbcType=INTEGER},
      </if>
      <if test="containerNumUrl != null" >
        #{containerNumUrl,jdbcType=VARCHAR},
      </if>
      <if test="containerNum != null" >
        #{containerNum,jdbcType=VARCHAR},
      </if>
      <if test="containerWeight != null" >
        #{containerWeight,jdbcType=REAL},
      </if>
      <if test="sealNum != null" >
        #{sealNum,jdbcType=VARCHAR},
      </if>
      <if test="sealNumUrl != null" >
        #{sealNumUrl,jdbcType=VARCHAR},
      </if>
      <if test="sealPhotoUrl != null" >
        #{sealPhotoUrl,jdbcType=VARCHAR},
      </if>
      <if test="zuoyehuidanUrl != null" >
        #{zuoyehuidanUrl,jdbcType=VARCHAR},
      </if>
      <if test="clientWeituohuidanUrl != null" >
        #{clientWeituohuidanUrl,jdbcType=VARCHAR},
      </if>
      <if test="weighingFeeUrl != null" >
        #{weighingFeeUrl,jdbcType=VARCHAR},
      </if>
      <if test="highSpeedFeeUrl != null" >
        #{highSpeedFeeUrl,jdbcType=VARCHAR},
      </if>
      <if test="isAccept != null" >
        #{isAccept,jdbcType=INTEGER},
      </if>
    </trim>
  </insert>
  <update id="updateByPrimaryKeySelective" parameterType="org.pcl.tms.Model.DriverOrderInfo" >
    update driver_order_info
    <set >
      <if test="driverId != null" >
        driver_id = #{driverId,jdbcType=INTEGER},
      </if>
      <if test="containerNumUrl != null" >
        container_num_url = #{containerNumUrl,jdbcType=VARCHAR},
      </if>
      <if test="containerNum != null" >
        container_num = #{containerNum,jdbcType=VARCHAR},
      </if>
      <if test="containerWeight != null" >
        container_weight = #{containerWeight,jdbcType=REAL},
      </if>
      <if test="sealNum != null" >
        seal_num = #{sealNum,jdbcType=VARCHAR},
      </if>
      <if test="sealNumUrl != null" >
        seal_num_url = #{sealNumUrl,jdbcType=VARCHAR},
      </if>
      <if test="sealPhotoUrl != null" >
        seal_photo_url = #{sealPhotoUrl,jdbcType=VARCHAR},
      </if>
      <if test="zuoyehuidanUrl != null" >
        zuoyehuidan_url = #{zuoyehuidanUrl,jdbcType=VARCHAR},
      </if>
      <if test="clientWeituohuidanUrl != null" >
        client_weituohuidan_url = #{clientWeituohuidanUrl,jdbcType=VARCHAR},
      </if>
      <if test="weighingFeeUrl != null" >
        weighing_fee_url = #{weighingFeeUrl,jdbcType=VARCHAR},
      </if>
      <if test="highSpeedFeeUrl != null" >
        high_speed_fee_url = #{highSpeedFeeUrl,jdbcType=VARCHAR},
      </if>
      <if test="isAccept != null" >
        is_accept = #{isAccept,jdbcType=INTEGER},
      </if>
    </set>
    where id = #{id,jdbcType=VARCHAR}
  </update>
  <update id="updateByPrimaryKey" parameterType="org.pcl.tms.Model.DriverOrderInfo" >
    update driver_order_info
    set driver_id = #{driverId,jdbcType=INTEGER},
      container_num_url = #{containerNumUrl,jdbcType=VARCHAR},
      container_num = #{containerNum,jdbcType=VARCHAR},
      container_weight = #{containerWeight,jdbcType=REAL},
      seal_num = #{sealNum,jdbcType=VARCHAR},
      seal_num_url = #{sealNumUrl,jdbcType=VARCHAR},
      seal_photo_url = #{sealPhotoUrl,jdbcType=VARCHAR},
      zuoyehuidan_url = #{zuoyehuidanUrl,jdbcType=VARCHAR},
      client_weituohuidan_url = #{clientWeituohuidanUrl,jdbcType=VARCHAR},
      weighing_fee_url = #{weighingFeeUrl,jdbcType=VARCHAR},
      high_speed_fee_url = #{highSpeedFeeUrl,jdbcType=VARCHAR},
      is_accept = #{isAccept,jdbcType=INTEGER}
    where id = #{id,jdbcType=VARCHAR}
  </update>
</mapper>