<?xml version="1.0" encoding="UTF-8" ?>
<!DOCTYPE mapper PUBLIC "-//mybatis.org//DTD Mapper 3.0//EN" "http://mybatis.org/dtd/mybatis-3-mapper.dtd" >
<mapper namespace="org.pcl.tms.Mapper.DriverMapper" >
  <resultMap id="BaseResultMap" type="org.pcl.tms.Model.Driver" >
    <id column="id" property="id" jdbcType="INTEGER" />
    <result column="driver_name" property="driverName" jdbcType="VARCHAR" />
    <result column="driver_id_card" property="driverIdCard" jdbcType="VARCHAR" />
    <result column="driver_id_url_p" property="driverIdUrlP" jdbcType="VARCHAR" />
    <result column="driver_id_url_n" property="driverIdUrlN" jdbcType="VARCHAR" />
    <result column="driver_hand_id" property="driverHandId" jdbcType="VARCHAR" />
    <result column="driver_license" property="driverLicense" jdbcType="VARCHAR" />
    <result column="driver_qualification_cert" property="driverQualificationCert" jdbcType="VARCHAR" />
    <result column="driver_phone" property="driverPhone" jdbcType="VARCHAR" />
    <result column="driver_company" property="driverCompany" jdbcType="VARCHAR" />
    <result column="driver_company_id" property="driverCompanyId" jdbcType="INTEGER" />
    <result column="car_id" property="carId" jdbcType="INTEGER" />
    <result column="status" property="status" jdbcType="INTEGER" />
    <result column="is_valid" property="isValid" jdbcType="INTEGER" />
    <result column="note" property="note" jdbcType="VARCHAR" />
    <result column="pay_way" property="payWay" jdbcType="VARCHAR" />
    <result column="account" property="account" jdbcType="VARCHAR" />
    <result column="password" property="password" jdbcType="VARCHAR" />
    <result column="reg_id" property="regId" jdbcType="VARCHAR" />
  </resultMap>
  <sql id="Base_Column_List" >
    id, driver_name, driver_id_card, driver_id_url_p, driver_id_url_n, driver_hand_id, 
    driver_license, driver_qualification_cert, driver_phone, driver_company, driver_company_id, 
    car_id, status, is_valid, note, pay_way, account, password, reg_id
  </sql>
  <select id="selectByPrimaryKey" resultMap="BaseResultMap" parameterType="java.lang.Integer" >
    select 
    <include refid="Base_Column_List" />
    from driver
    where id = #{id,jdbcType=INTEGER}
  </select>
  <select id="selectAllByStatus" resultMap="BaseResultMap" >
    select *
    from driver
    where status = 1 and is_valid =1 and reg_id is not null
  </select>
  <select id="availableDrvier" resultMap="BaseResultMap">
    select *
    from driver
    where status=1 and is_valid =1 and reg_id is not null
    and id !=
    ANY(select driver_id from driver_order_info doi where doi.id =
    ANY(select driver_order_id from orders o where process_status =4))
  </select>
  <select id="countAll" resultType="java.lang.Integer">
    select count(*)
    from driver
    where is_valid =1
  </select>
  <select id="selectAll" resultMap="BaseResultMap">
    select *
    from driver
    where is_valid =1
  </select>
  <select id="selectByAccountAndPwd" resultMap="BaseResultMap" parameterType="org.pcl.tms.Model.Driver">
    select *
    from driver
    where account = #{account} and password = #{password}
  </select>
  <select id="selectByNameAndIDCard" resultMap="BaseResultMap" parameterType="org.pcl.tms.Model.Driver">
    select *
    from driver
    where driver_name=#{driverName} and driver_id_card = #{driverIdCard}
  </select>
  <delete id="deleteByPrimaryKey" parameterType="java.lang.Integer" >
    delete from driver
    where id = #{id,jdbcType=INTEGER}
  </delete>
  <insert id="insert" parameterType="org.pcl.tms.Model.Driver" >
    insert into driver (id, driver_name, driver_id_card, 
      driver_id_url_p, driver_id_url_n, driver_hand_id, 
      driver_license, driver_qualification_cert, 
      driver_phone, driver_company, driver_company_id, 
      car_id, status, is_valid, 
      note, pay_way, account, 
      password, reg_id)
    values (#{id,jdbcType=INTEGER}, #{driverName,jdbcType=VARCHAR}, #{driverIdCard,jdbcType=VARCHAR}, 
      #{driverIdUrlP,jdbcType=VARCHAR}, #{driverIdUrlN,jdbcType=VARCHAR}, #{driverHandId,jdbcType=VARCHAR}, 
      #{driverLicense,jdbcType=VARCHAR}, #{driverQualificationCert,jdbcType=VARCHAR}, 
      #{driverPhone,jdbcType=VARCHAR}, #{driverCompany,jdbcType=VARCHAR}, #{driverCompanyId,jdbcType=INTEGER}, 
      #{carId,jdbcType=INTEGER}, #{status,jdbcType=INTEGER}, #{isValid,jdbcType=INTEGER}, 
      #{note,jdbcType=VARCHAR}, #{payWay,jdbcType=VARCHAR}, #{account,jdbcType=VARCHAR}, 
      #{password,jdbcType=VARCHAR}, #{regId,jdbcType=VARCHAR})
  </insert>
  <insert id="insertSelective" parameterType="org.pcl.tms.Model.Driver" >
    insert into driver
    <trim prefix="(" suffix=")" suffixOverrides="," >
      <if test="id != null" >
        id,
      </if>
      <if test="driverName != null" >
        driver_name,
      </if>
      <if test="driverIdCard != null" >
        driver_id_card,
      </if>
      <if test="driverIdUrlP != null" >
        driver_id_url_p,
      </if>
      <if test="driverIdUrlN != null" >
        driver_id_url_n,
      </if>
      <if test="driverHandId != null" >
        driver_hand_id,
      </if>
      <if test="driverLicense != null" >
        driver_license,
      </if>
      <if test="driverQualificationCert != null" >
        driver_qualification_cert,
      </if>
      <if test="driverPhone != null" >
        driver_phone,
      </if>
      <if test="driverCompany != null" >
        driver_company,
      </if>
      <if test="driverCompanyId != null" >
        driver_company_id,
      </if>
      <if test="carId != null" >
        car_id,
      </if>
      <if test="status != null" >
        status,
      </if>
      <if test="isValid != null" >
        is_valid,
      </if>
      <if test="note != null" >
        note,
      </if>
      <if test="payWay != null" >
        pay_way,
      </if>
      <if test="account != null" >
        account,
      </if>
      <if test="password != null" >
        password,
      </if>
      <if test="regId != null" >
        reg_id,
      </if>
    </trim>
    <trim prefix="values (" suffix=")" suffixOverrides="," >
      <if test="id != null" >
        #{id,jdbcType=INTEGER},
      </if>
      <if test="driverName != null" >
        #{driverName,jdbcType=VARCHAR},
      </if>
      <if test="driverIdCard != null" >
        #{driverIdCard,jdbcType=VARCHAR},
      </if>
      <if test="driverIdUrlP != null" >
        #{driverIdUrlP,jdbcType=VARCHAR},
      </if>
      <if test="driverIdUrlN != null" >
        #{driverIdUrlN,jdbcType=VARCHAR},
      </if>
      <if test="driverHandId != null" >
        #{driverHandId,jdbcType=VARCHAR},
      </if>
      <if test="driverLicense != null" >
        #{driverLicense,jdbcType=VARCHAR},
      </if>
      <if test="driverQualificationCert != null" >
        #{driverQualificationCert,jdbcType=VARCHAR},
      </if>
      <if test="driverPhone != null" >
        #{driverPhone,jdbcType=VARCHAR},
      </if>
      <if test="driverCompany != null" >
        #{driverCompany,jdbcType=VARCHAR},
      </if>
      <if test="driverCompanyId != null" >
        #{driverCompanyId,jdbcType=INTEGER},
      </if>
      <if test="carId != null" >
        #{carId,jdbcType=INTEGER},
      </if>
      <if test="status != null" >
        #{status,jdbcType=INTEGER},
      </if>
      <if test="isValid != null" >
        #{isValid,jdbcType=INTEGER},
      </if>
      <if test="note != null" >
        #{note,jdbcType=VARCHAR},
      </if>
      <if test="payWay != null" >
        #{payWay,jdbcType=VARCHAR},
      </if>
      <if test="account != null" >
        #{account,jdbcType=VARCHAR},
      </if>
      <if test="password != null" >
        #{password,jdbcType=VARCHAR},
      </if>
      <if test="regId != null" >
        #{regId,jdbcType=VARCHAR},
      </if>
    </trim>
  </insert>
  <update id="updateByPrimaryKeySelective" parameterType="org.pcl.tms.Model.Driver" >
    update driver
    <set >
      <if test="driverName != null" >
        driver_name = #{driverName,jdbcType=VARCHAR},
      </if>
      <if test="driverIdCard != null" >
        driver_id_card = #{driverIdCard,jdbcType=VARCHAR},
      </if>
      <if test="driverIdUrlP != null" >
        driver_id_url_p = #{driverIdUrlP,jdbcType=VARCHAR},
      </if>
      <if test="driverIdUrlN != null" >
        driver_id_url_n = #{driverIdUrlN,jdbcType=VARCHAR},
      </if>
      <if test="driverHandId != null" >
        driver_hand_id = #{driverHandId,jdbcType=VARCHAR},
      </if>
      <if test="driverLicense != null" >
        driver_license = #{driverLicense,jdbcType=VARCHAR},
      </if>
      <if test="driverQualificationCert != null" >
        driver_qualification_cert = #{driverQualificationCert,jdbcType=VARCHAR},
      </if>
      <if test="driverPhone != null" >
        driver_phone = #{driverPhone,jdbcType=VARCHAR},
      </if>
      <if test="driverCompany != null" >
        driver_company = #{driverCompany,jdbcType=VARCHAR},
      </if>
      <if test="driverCompanyId != null" >
        driver_company_id = #{driverCompanyId,jdbcType=INTEGER},
      </if>
      <if test="carId != null" >
        car_id = #{carId,jdbcType=INTEGER},
      </if>
      <if test="status != null" >
        status = #{status,jdbcType=INTEGER},
      </if>
      <if test="isValid != null" >
        is_valid = #{isValid,jdbcType=INTEGER},
      </if>
      <if test="note != null" >
        note = #{note,jdbcType=VARCHAR},
      </if>
      <if test="payWay != null" >
        pay_way = #{payWay,jdbcType=VARCHAR},
      </if>
      <if test="account != null" >
        account = #{account,jdbcType=VARCHAR},
      </if>
      <if test="password != null" >
        password = #{password,jdbcType=VARCHAR},
      </if>
      <if test="regId != null" >
        reg_id = #{regId,jdbcType=VARCHAR},
      </if>
    </set>
    where id = #{id,jdbcType=INTEGER}
  </update>
  <update id="updateByPrimaryKey" parameterType="org.pcl.tms.Model.Driver" >
    update driver
    set driver_name = #{driverName,jdbcType=VARCHAR},
      driver_id_card = #{driverIdCard,jdbcType=VARCHAR},
      driver_id_url_p = #{driverIdUrlP,jdbcType=VARCHAR},
      driver_id_url_n = #{driverIdUrlN,jdbcType=VARCHAR},
      driver_hand_id = #{driverHandId,jdbcType=VARCHAR},
      driver_license = #{driverLicense,jdbcType=VARCHAR},
      driver_qualification_cert = #{driverQualificationCert,jdbcType=VARCHAR},
      driver_phone = #{driverPhone,jdbcType=VARCHAR},
      driver_company = #{driverCompany,jdbcType=VARCHAR},
      driver_company_id = #{driverCompanyId,jdbcType=INTEGER},
      car_id = #{carId,jdbcType=INTEGER},
      status = #{status,jdbcType=INTEGER},
      is_valid = #{isValid,jdbcType=INTEGER},
      note = #{note,jdbcType=VARCHAR},
      pay_way = #{payWay,jdbcType=VARCHAR},
      account = #{account,jdbcType=VARCHAR},
      password = #{password,jdbcType=VARCHAR},
      reg_id = #{regId,jdbcType=VARCHAR}
    where id = #{id,jdbcType=INTEGER}
  </update>
</mapper>