<?xml version="1.0" encoding="UTF-8"?>
<!DOCTYPE mapper PUBLIC "-//mybatis.org//DTD Mapper 3.0//EN" "http://mybatis.org/dtd/mybatis-3-mapper.dtd">
<mapper namespace="org.pcl.tms.Mapper.DuichangMapper">
  <resultMap id="BaseResultMap" type="org.pcl.tms.Model.Duichang">
    <id column="id" jdbcType="INTEGER" property="id" />
    <result column="port" jdbcType="VARCHAR" property="port" />
    <result column="duichang_name" jdbcType="VARCHAR" property="duichangName" />
  </resultMap>
  <sql id="Base_Column_List">
    id, port, duichang_name
  </sql>
  <select id="selectByPrimaryKey" parameterType="java.lang.Integer" resultMap="BaseResultMap">
    select 
    <include refid="Base_Column_List" />
    from duichang
    where id = #{id,jdbcType=INTEGER}
  </select>
  <select id="keywordSearch" parameterType="java.lang.String" resultMap="BaseResultMap">
    select *
    from duichang
    where duichang_name like concat(concat('%',#{keyword}),'%')
    limit 10
  </select>
  <select id="selectAll" resultMap="BaseResultMap">
    select *
    from duichang
  </select>
  <delete id="deleteByPrimaryKey" parameterType="java.lang.Integer">
    delete from duichang
    where id = #{id,jdbcType=INTEGER}
  </delete>
  <insert id="insert" parameterType="org.pcl.tms.Model.Duichang">
    insert into duichang (id, port, duichang_name
      )
    values (#{id,jdbcType=INTEGER}, #{port,jdbcType=VARCHAR}, #{duichangName,jdbcType=VARCHAR}
      )
  </insert>
  <insert id="insertSelective" parameterType="org.pcl.tms.Model.Duichang">
    insert into duichang
    <trim prefix="(" suffix=")" suffixOverrides=",">
      <if test="id != null">
        id,
      </if>
      <if test="port != null">
        port,
      </if>
      <if test="duichangName != null">
        duichang_name,
      </if>
    </trim>
    <trim prefix="values (" suffix=")" suffixOverrides=",">
      <if test="id != null">
        #{id,jdbcType=INTEGER},
      </if>
      <if test="port != null">
        #{port,jdbcType=VARCHAR},
      </if>
      <if test="duichangName != null">
        #{duichangName,jdbcType=VARCHAR},
      </if>
    </trim>
  </insert>
  <update id="updateByPrimaryKeySelective" parameterType="org.pcl.tms.Model.Duichang">
    update duichang
    <set>
      <if test="port != null">
        port = #{port,jdbcType=VARCHAR},
      </if>
      <if test="duichangName != null">
        duichang_name = #{duichangName,jdbcType=VARCHAR},
      </if>
    </set>
    where id = #{id,jdbcType=INTEGER}
  </update>
  <update id="updateByPrimaryKey" parameterType="org.pcl.tms.Model.Duichang">
    update duichang
    set port = #{port,jdbcType=VARCHAR},
      duichang_name = #{duichangName,jdbcType=VARCHAR}
    where id = #{id,jdbcType=INTEGER}
  </update>
</mapper>