<?xml version="1.0" encoding="UTF-8" ?>
<!DOCTYPE mapper PUBLIC "-//mybatis.org//DTD Mapper 3.0//EN" "http://mybatis.org/dtd/mybatis-3-mapper.dtd" >
<mapper namespace="org.pcl.tms.Mapper.ExceptionsMapper" >
  <resultMap id="BaseResultMap" type="org.pcl.tms.Model.Exceptions" >
    <id column="id" property="id" jdbcType="INTEGER" />
    <result column="exception_type" property="exceptionType" jdbcType="VARCHAR" />
  </resultMap>
  <sql id="Base_Column_List" >
    id, exception_type
  </sql>
  <select id="selectByPrimaryKey" resultMap="BaseResultMap" parameterType="java.lang.Integer" >
    select 
    <include refid="Base_Column_List" />
    from exception
    where id = #{id,jdbcType=INTEGER}
  </select>
    <select id="selectAll" resultMap="BaseResultMap">
    select *
    from exception
  </select>
  <delete id="deleteByPrimaryKey" parameterType="java.lang.Integer" >
    delete from exception
    where id = #{id,jdbcType=INTEGER}
  </delete>
  <insert id="insert" parameterType="org.pcl.tms.Model.Exceptions" >
    insert into exception (id, exception_type)
    values (#{id,jdbcType=INTEGER}, #{exceptionType,jdbcType=VARCHAR})
  </insert>
  <insert id="insertSelective" parameterType="org.pcl.tms.Model.Exceptions" >
    insert into exception
    <trim prefix="(" suffix=")" suffixOverrides="," >
      <if test="id != null" >
        id,
      </if>
      <if test="exceptionType != null" >
        exception_type,
      </if>
    </trim>
    <trim prefix="values (" suffix=")" suffixOverrides="," >
      <if test="id != null" >
        #{id,jdbcType=INTEGER},
      </if>
      <if test="exceptionType != null" >
        #{exceptionType,jdbcType=VARCHAR},
      </if>
    </trim>
  </insert>
  <update id="updateByPrimaryKeySelective" parameterType="org.pcl.tms.Model.Exceptions" >
    update exception
    <set >
      <if test="exceptionType != null" >
        exception_type = #{exceptionType,jdbcType=VARCHAR},
      </if>
    </set>
    where id = #{id,jdbcType=INTEGER}
  </update>
  <update id="updateByPrimaryKey" parameterType="org.pcl.tms.Model.Exceptions" >
    update exception
    set exception_type = #{exceptionType,jdbcType=VARCHAR}
    where id = #{id,jdbcType=INTEGER}
  </update>
</mapper>