<?xml version="1.0" encoding="UTF-8" ?>
<!DOCTYPE mapper PUBLIC "-//mybatis.org//DTD Mapper 3.0//EN" "http://mybatis.org/dtd/mybatis-3-mapper.dtd" >
<mapper namespace="org.pcl.tms.Mapper.ExtensionFeeMapper" >
  <resultMap id="BaseResultMap" type="org.pcl.tms.Model.ExtensionFee" >
    <id column="id" property="id" jdbcType="INTEGER" />
    <result column="name" property="name" jdbcType="VARCHAR" />
    <result column="description" property="description" jdbcType="VARCHAR" />
    <result column="unit" property="unit" jdbcType="VARCHAR" />
  </resultMap>
  <sql id="Base_Column_List" >
    id, name, description, unit
  </sql>
  <select id="selectByPrimaryKey" resultMap="BaseResultMap" parameterType="java.lang.Integer" >
    select 
    <include refid="Base_Column_List" />
    from extension_fee
    where id = #{id,jdbcType=INTEGER}
  </select>
  <select id="selectAll" resultMap="BaseResultMap">
    select *
    from extension_fee
  </select>
  <delete id="deleteByPrimaryKey" parameterType="java.lang.Integer" >
    delete from extension_fee
    where id = #{id,jdbcType=INTEGER}
  </delete>
  <insert id="insert" parameterType="org.pcl.tms.Model.ExtensionFee" >
    insert into extension_fee (id, name, description, 
      unit)
    values (#{id,jdbcType=INTEGER}, #{name,jdbcType=VARCHAR}, #{description,jdbcType=VARCHAR}, 
      #{unit,jdbcType=VARCHAR})
  </insert>
  <insert id="insertSelective" parameterType="org.pcl.tms.Model.ExtensionFee" >
    insert into extension_fee
    <trim prefix="(" suffix=")" suffixOverrides="," >
      <if test="id != null" >
        id,
      </if>
      <if test="name != null" >
        name,
      </if>
      <if test="description != null" >
        description,
      </if>
      <if test="unit != null" >
        unit,
      </if>
    </trim>
    <trim prefix="values (" suffix=")" suffixOverrides="," >
      <if test="id != null" >
        #{id,jdbcType=INTEGER},
      </if>
      <if test="name != null" >
        #{name,jdbcType=VARCHAR},
      </if>
      <if test="description != null" >
        #{description,jdbcType=VARCHAR},
      </if>
      <if test="unit != null" >
        #{unit,jdbcType=VARCHAR},
      </if>
    </trim>
  </insert>
  <update id="updateByPrimaryKeySelective" parameterType="org.pcl.tms.Model.ExtensionFee" >
    update extension_fee
    <set >
      <if test="name != null" >
        name = #{name,jdbcType=VARCHAR},
      </if>
      <if test="description != null" >
        description = #{description,jdbcType=VARCHAR},
      </if>
      <if test="unit != null" >
        unit = #{unit,jdbcType=VARCHAR},
      </if>
    </set>
    where id = #{id,jdbcType=INTEGER}
  </update>
  <update id="updateByPrimaryKey" parameterType="org.pcl.tms.Model.ExtensionFee" >
    update extension_fee
    set name = #{name,jdbcType=VARCHAR},
      description = #{description,jdbcType=VARCHAR},
      unit = #{unit,jdbcType=VARCHAR}
    where id = #{id,jdbcType=INTEGER}
  </update>
</mapper>