<?xml version="1.0" encoding="UTF-8" ?>
<!DOCTYPE mapper PUBLIC "-//mybatis.org//DTD Mapper 3.0//EN" "http://mybatis.org/dtd/mybatis-3-mapper.dtd" >
<mapper namespace="org.pcl.tms.Mapper.FactoryMapper" >
  <resultMap id="BaseResultMap" type="org.pcl.tms.Model.Factory" >
    <id column="id" property="id" jdbcType="INTEGER" />
    <result column="client_id" property="clientId" jdbcType="INTEGER" />
    <result column="factory_name" property="factoryName" jdbcType="VARCHAR" />
    <result column="factory_address" property="factoryAddress" jdbcType="VARCHAR" />
    <result column="factory_province" property="factoryProvince" jdbcType="VARCHAR" />
    <result column="factory_city" property="factoryCity" jdbcType="VARCHAR" />
    <result column="factory_district" property="factoryDistrict" jdbcType="VARCHAR" />
    <result column="factory_street" property="factoryStreet" jdbcType="VARCHAR" />
    <result column="factory_contact" property="factoryContact" jdbcType="VARCHAR" />
    <result column="factory_phone" property="factoryPhone" jdbcType="VARCHAR" />
    <result column="is_default" property="isDefault" jdbcType="INTEGER" />
    <result column="is_valid" property="isValid" jdbcType="INTEGER" />
    <result column="longitude" property="longitude" jdbcType="VARCHAR" />
    <result column="latitude" property="latitude" jdbcType="VARCHAR" />
  </resultMap>
  <sql id="Base_Column_List" >
    id, client_id, factory_name, factory_address, factory_province, factory_city, factory_district, 
    factory_street, factory_contact, factory_phone, is_default, is_valid, longitude, 
    latitude
  </sql>
  <select id="selectByClientID" resultMap="BaseResultMap" parameterType="java.lang.Integer">
    select *
    from factory
    where client_id = #{client_id}
  </select>
  <select id="selectByPrimaryKey" resultMap="BaseResultMap" parameterType="java.lang.Integer" >
    select 
    <include refid="Base_Column_List" />
    from factory
    where id = #{id,jdbcType=INTEGER}
  </select>
  <delete id="deleteByPrimaryKey" parameterType="java.lang.Integer" >
    delete from factory
    where id = #{id,jdbcType=INTEGER}
  </delete>
  <insert id="insert" parameterType="org.pcl.tms.Model.Factory" >
    insert into factory (id, client_id, factory_name, 
      factory_address, factory_province, factory_city, 
      factory_district, factory_street, factory_contact, 
      factory_phone, is_default, is_valid, 
      longitude, latitude)
    values (#{id,jdbcType=INTEGER}, #{clientId,jdbcType=INTEGER}, #{factoryName,jdbcType=VARCHAR}, 
      #{factoryAddress,jdbcType=VARCHAR}, #{factoryProvince,jdbcType=VARCHAR}, #{factoryCity,jdbcType=VARCHAR}, 
      #{factoryDistrict,jdbcType=VARCHAR}, #{factoryStreet,jdbcType=VARCHAR}, #{factoryContact,jdbcType=VARCHAR}, 
      #{factoryPhone,jdbcType=VARCHAR}, #{isDefault,jdbcType=INTEGER}, #{isValid,jdbcType=INTEGER}, 
      #{longitude,jdbcType=VARCHAR}, #{latitude,jdbcType=VARCHAR})
  </insert>
  <insert id="insertSelective" parameterType="org.pcl.tms.Model.Factory" >
    insert into factory
    <trim prefix="(" suffix=")" suffixOverrides="," >
      <if test="id != null" >
        id,
      </if>
      <if test="clientId != null" >
        client_id,
      </if>
      <if test="factoryName != null" >
        factory_name,
      </if>
      <if test="factoryAddress != null" >
        factory_address,
      </if>
      <if test="factoryProvince != null" >
        factory_province,
      </if>
      <if test="factoryCity != null" >
        factory_city,
      </if>
      <if test="factoryDistrict != null" >
        factory_district,
      </if>
      <if test="factoryStreet != null" >
        factory_street,
      </if>
      <if test="factoryContact != null" >
        factory_contact,
      </if>
      <if test="factoryPhone != null" >
        factory_phone,
      </if>
      <if test="isDefault != null" >
        is_default,
      </if>
      <if test="isValid != null" >
        is_valid,
      </if>
      <if test="longitude != null" >
        longitude,
      </if>
      <if test="latitude != null" >
        latitude,
      </if>
    </trim>
    <trim prefix="values (" suffix=")" suffixOverrides="," >
      <if test="id != null" >
        #{id,jdbcType=INTEGER},
      </if>
      <if test="clientId != null" >
        #{clientId,jdbcType=INTEGER},
      </if>
      <if test="factoryName != null" >
        #{factoryName,jdbcType=VARCHAR},
      </if>
      <if test="factoryAddress != null" >
        #{factoryAddress,jdbcType=VARCHAR},
      </if>
      <if test="factoryProvince != null" >
        #{factoryProvince,jdbcType=VARCHAR},
      </if>
      <if test="factoryCity != null" >
        #{factoryCity,jdbcType=VARCHAR},
      </if>
      <if test="factoryDistrict != null" >
        #{factoryDistrict,jdbcType=VARCHAR},
      </if>
      <if test="factoryStreet != null" >
        #{factoryStreet,jdbcType=VARCHAR},
      </if>
      <if test="factoryContact != null" >
        #{factoryContact,jdbcType=VARCHAR},
      </if>
      <if test="factoryPhone != null" >
        #{factoryPhone,jdbcType=VARCHAR},
      </if>
      <if test="isDefault != null" >
        #{isDefault,jdbcType=INTEGER},
      </if>
      <if test="isValid != null" >
        #{isValid,jdbcType=INTEGER},
      </if>
      <if test="longitude != null" >
        #{longitude,jdbcType=VARCHAR},
      </if>
      <if test="latitude != null" >
        #{latitude,jdbcType=VARCHAR},
      </if>
    </trim>
  </insert>
  <update id="updateByPrimaryKeySelective" parameterType="org.pcl.tms.Model.Factory" >
    update factory
    <set >
      <if test="clientId != null" >
        client_id = #{clientId,jdbcType=INTEGER},
      </if>
      <if test="factoryName != null" >
        factory_name = #{factoryName,jdbcType=VARCHAR},
      </if>
      <if test="factoryAddress != null" >
        factory_address = #{factoryAddress,jdbcType=VARCHAR},
      </if>
      <if test="factoryProvince != null" >
        factory_province = #{factoryProvince,jdbcType=VARCHAR},
      </if>
      <if test="factoryCity != null" >
        factory_city = #{factoryCity,jdbcType=VARCHAR},
      </if>
      <if test="factoryDistrict != null" >
        factory_district = #{factoryDistrict,jdbcType=VARCHAR},
      </if>
      <if test="factoryStreet != null" >
        factory_street = #{factoryStreet,jdbcType=VARCHAR},
      </if>
      <if test="factoryContact != null" >
        factory_contact = #{factoryContact,jdbcType=VARCHAR},
      </if>
      <if test="factoryPhone != null" >
        factory_phone = #{factoryPhone,jdbcType=VARCHAR},
      </if>
      <if test="isDefault != null" >
        is_default = #{isDefault,jdbcType=INTEGER},
      </if>
      <if test="isValid != null" >
        is_valid = #{isValid,jdbcType=INTEGER},
      </if>
      <if test="longitude != null" >
        longitude = #{longitude,jdbcType=VARCHAR},
      </if>
      <if test="latitude != null" >
        latitude = #{latitude,jdbcType=VARCHAR},
      </if>
    </set>
    where id = #{id,jdbcType=INTEGER}
  </update>
  <update id="updateByPrimaryKey" parameterType="org.pcl.tms.Model.Factory" >
    update factory
    set client_id = #{clientId,jdbcType=INTEGER},
      factory_name = #{factoryName,jdbcType=VARCHAR},
      factory_address = #{factoryAddress,jdbcType=VARCHAR},
      factory_province = #{factoryProvince,jdbcType=VARCHAR},
      factory_city = #{factoryCity,jdbcType=VARCHAR},
      factory_district = #{factoryDistrict,jdbcType=VARCHAR},
      factory_street = #{factoryStreet,jdbcType=VARCHAR},
      factory_contact = #{factoryContact,jdbcType=VARCHAR},
      factory_phone = #{factoryPhone,jdbcType=VARCHAR},
      is_default = #{isDefault,jdbcType=INTEGER},
      is_valid = #{isValid,jdbcType=INTEGER},
      longitude = #{longitude,jdbcType=VARCHAR},
      latitude = #{latitude,jdbcType=VARCHAR}
    where id = #{id,jdbcType=INTEGER}
  </update>
</mapper>