<?xml version="1.0" encoding="UTF-8" ?>
<!DOCTYPE mapper PUBLIC "-//mybatis.org//DTD Mapper 3.0//EN" "http://mybatis.org/dtd/mybatis-3-mapper.dtd" >
<mapper namespace="org.pcl.tms.Mapper.FeesMapper" >
  <resultMap id="BaseResultMap" type="org.pcl.tms.Model.Fees" >
    <id column="id" property="id" jdbcType="INTEGER" />
    <result column="order_id" property="orderId" jdbcType="VARCHAR" />
    <result column="total_price" property="totalPrice" jdbcType="REAL" />
    <result column="total_extra_fee" property="totalExtraFee" jdbcType="REAL" />
    <result column="fee_list" property="feeList" jdbcType="VARCHAR" />
    <result column="contract_id" property="contractId" jdbcType="INTEGER" />
    <result column="is_audit" property="isAudit" jdbcType="INTEGER" />
    <result column="is_valid" property="isValid" jdbcType="INTEGER" />
    <result column="type" property="type" jdbcType="INTEGER" />
    <result column="status" property="status" jdbcType="INTEGER" />
    <result column="is_yaye" property="isYaye" jdbcType="INTEGER" />
    <result column="basic_fee" property="basicFee" jdbcType="REAL" />
    <result column="tax" property="tax" jdbcType="REAL" />
    <result column="currency" property="currency" jdbcType="VARCHAR" />
    <result column="pay_way" property="payWay" jdbcType="VARCHAR" />
  </resultMap>
  <sql id="Base_Column_List" >
    id, order_id, total_price, total_extra_fee, fee_list, contract_id, is_audit, is_valid, 
    type, status, is_yaye, basic_fee, tax, currency, pay_way
  </sql>
  <select id="selectAll" resultMap="BaseResultMap">
    select *
    from fees
    where is_valid=1
  </select>
  <delete id="deleteByOrderId" parameterType="java.lang.String">
    delete from fees
    where order_id =#{order_id}
  </delete>
  <select id="getByOrder" resultMap="BaseResultMap" parameterType="org.pcl.tms.Model.Fees">
    select *
    from fees
    where is_valid=1 and order_id =#{orderId}
  </select>
  <select id="selectByPrimaryKey" resultMap="BaseResultMap" parameterType="java.lang.Integer" >
    select 
    <include refid="Base_Column_List" />
    from fees
    where id = #{id,jdbcType=INTEGER}
  </select>
  <delete id="deleteByPrimaryKey" parameterType="java.lang.Integer" >
    delete from fees
    where id = #{id,jdbcType=INTEGER}
  </delete>
  <insert id="insert" parameterType="org.pcl.tms.Model.Fees" >
    insert into fees (id, order_id, total_price, 
      total_extra_fee, fee_list, contract_id, 
      is_audit, is_valid, type, 
      status, is_yaye, basic_fee, 
      tax, currency, pay_way)
    values (#{id,jdbcType=INTEGER}, #{orderId,jdbcType=VARCHAR}, #{totalPrice,jdbcType=REAL}, 
      #{totalExtraFee,jdbcType=REAL}, #{feeList,jdbcType=VARCHAR}, #{contractId,jdbcType=INTEGER}, 
      #{isAudit,jdbcType=INTEGER}, #{isValid,jdbcType=INTEGER}, #{type,jdbcType=INTEGER}, 
      #{status,jdbcType=INTEGER}, #{isYaye,jdbcType=INTEGER}, #{basicFee,jdbcType=REAL}, 
      #{tax,jdbcType=REAL}, #{currency,jdbcType=VARCHAR}, #{payWay,jdbcType=VARCHAR})
  </insert>
  <insert id="insertSelective" parameterType="org.pcl.tms.Model.Fees" >
    insert into fees
    <trim prefix="(" suffix=")" suffixOverrides="," >
      <if test="id != null" >
        id,
      </if>
      <if test="orderId != null" >
        order_id,
      </if>
      <if test="totalPrice != null" >
        total_price,
      </if>
      <if test="totalExtraFee != null" >
        total_extra_fee,
      </if>
      <if test="feeList != null" >
        fee_list,
      </if>
      <if test="contractId != null" >
        contract_id,
      </if>
      <if test="isAudit != null" >
        is_audit,
      </if>
      <if test="isValid != null" >
        is_valid,
      </if>
      <if test="type != null" >
        type,
      </if>
      <if test="status != null" >
        status,
      </if>
      <if test="isYaye != null" >
        is_yaye,
      </if>
      <if test="basicFee != null" >
        basic_fee,
      </if>
      <if test="tax != null" >
        tax,
      </if>
      <if test="currency != null" >
        currency,
      </if>
      <if test="payWay != null" >
        pay_way,
      </if>
    </trim>
    <trim prefix="values (" suffix=")" suffixOverrides="," >
      <if test="id != null" >
        #{id,jdbcType=INTEGER},
      </if>
      <if test="orderId != null" >
        #{orderId,jdbcType=VARCHAR},
      </if>
      <if test="totalPrice != null" >
        #{totalPrice,jdbcType=REAL},
      </if>
      <if test="totalExtraFee != null" >
        #{totalExtraFee,jdbcType=REAL},
      </if>
      <if test="feeList != null" >
        #{feeList,jdbcType=VARCHAR},
      </if>
      <if test="contractId != null" >
        #{contractId,jdbcType=INTEGER},
      </if>
      <if test="isAudit != null" >
        #{isAudit,jdbcType=INTEGER},
      </if>
      <if test="isValid != null" >
        #{isValid,jdbcType=INTEGER},
      </if>
      <if test="type != null" >
        #{type,jdbcType=INTEGER},
      </if>
      <if test="status != null" >
        #{status,jdbcType=INTEGER},
      </if>
      <if test="isYaye != null" >
        #{isYaye,jdbcType=INTEGER},
      </if>
      <if test="basicFee != null" >
        #{basicFee,jdbcType=REAL},
      </if>
      <if test="tax != null" >
        #{tax,jdbcType=REAL},
      </if>
      <if test="currency != null" >
        #{currency,jdbcType=VARCHAR},
      </if>
      <if test="payWay != null" >
        #{payWay,jdbcType=VARCHAR},
      </if>
    </trim>
  </insert>
  <update id="updateByPrimaryKeySelective" parameterType="org.pcl.tms.Model.Fees" >
    update fees
    <set >
      <if test="orderId != null" >
        order_id = #{orderId,jdbcType=VARCHAR},
      </if>
      <if test="totalPrice != null" >
        total_price = #{totalPrice,jdbcType=REAL},
      </if>
      <if test="totalExtraFee != null" >
        total_extra_fee = #{totalExtraFee,jdbcType=REAL},
      </if>
      <if test="feeList != null" >
        fee_list = #{feeList,jdbcType=VARCHAR},
      </if>
      <if test="contractId != null" >
        contract_id = #{contractId,jdbcType=INTEGER},
      </if>
      <if test="isAudit != null" >
        is_audit = #{isAudit,jdbcType=INTEGER},
      </if>
      <if test="isValid != null" >
        is_valid = #{isValid,jdbcType=INTEGER},
      </if>
      <if test="type != null" >
        type = #{type,jdbcType=INTEGER},
      </if>
      <if test="status != null" >
        status = #{status,jdbcType=INTEGER},
      </if>
      <if test="isYaye != null" >
        is_yaye = #{isYaye,jdbcType=INTEGER},
      </if>
      <if test="basicFee != null" >
        basic_fee = #{basicFee,jdbcType=REAL},
      </if>
      <if test="tax != null" >
        tax = #{tax,jdbcType=REAL},
      </if>
      <if test="currency != null" >
        currency = #{currency,jdbcType=VARCHAR},
      </if>
      <if test="payWay != null" >
        pay_way = #{payWay,jdbcType=VARCHAR},
      </if>
    </set>
    where id = #{id,jdbcType=INTEGER}
  </update>
  <update id="updateByPrimaryKey" parameterType="org.pcl.tms.Model.Fees" >
    update fees
    set order_id = #{orderId,jdbcType=VARCHAR},
      total_price = #{totalPrice,jdbcType=REAL},
      total_extra_fee = #{totalExtraFee,jdbcType=REAL},
      fee_list = #{feeList,jdbcType=VARCHAR},
      contract_id = #{contractId,jdbcType=INTEGER},
      is_audit = #{isAudit,jdbcType=INTEGER},
      is_valid = #{isValid,jdbcType=INTEGER},
      type = #{type,jdbcType=INTEGER},
      status = #{status,jdbcType=INTEGER},
      is_yaye = #{isYaye,jdbcType=INTEGER},
      basic_fee = #{basicFee,jdbcType=REAL},
      tax = #{tax,jdbcType=REAL},
      currency = #{currency,jdbcType=VARCHAR},
      pay_way = #{payWay,jdbcType=VARCHAR}
    where id = #{id,jdbcType=INTEGER}
  </update>
</mapper>