<?xml version="1.0" encoding="UTF-8" ?>
<!DOCTYPE mapper PUBLIC "-//mybatis.org//DTD Mapper 3.0//EN" "http://mybatis.org/dtd/mybatis-3-mapper.dtd" >
<mapper namespace="org.pcl.tms.Mapper.FollowUpInfoMapper" >
  <resultMap id="BaseResultMap" type="org.pcl.tms.Model.FollowUpInfo" >
    <id column="id" property="id" jdbcType="VARCHAR" />
    <result column="worksheet_url" property="worksheetUrl" jdbcType="VARCHAR" />
    <result column="exception_id" property="exceptionId" jdbcType="INTEGER" />
    <result column="is_valid" property="isValid" jdbcType="INTEGER" />
  </resultMap>
  <resultMap id="ResultMapWithBLOBs" type="org.pcl.tms.Model.FollowUpInfo" extends="BaseResultMap" >
    <result column="exception_decription" property="exceptionDecription" jdbcType="LONGVARCHAR" />
  </resultMap>
  <sql id="Base_Column_List" >
    id, worksheet_url, exception_id, is_valid
  </sql>
  <sql id="Blob_Column_List" >
    exception_decription
  </sql>
  <select id="selectByPrimaryKey" resultMap="ResultMapWithBLOBs" parameterType="java.lang.String" >
    select 
    <include refid="Base_Column_List" />
    ,
    <include refid="Blob_Column_List" />
    from follow_up_info
    where id = #{id,jdbcType=VARCHAR}
  </select>
  <select id="selectExceptionOrder" resultType="org.pcl.tms.Model.Order" parameterType="java.lang.String">
    select *
    from orders where follow_up_id =
    ANY(select id from follow_up_info where exception_decription like "%exceptionType%")
    order by ${order} ${rule}
 </select>
  <select id="countExceptionOrder" resultType="java.lang.Integer">
    select count(*)
    from orders where follow_up_id =
    ANY(select id from follow_up_info where exception_decription like "%exceptionType%")
  </select>
  <delete id="deleteByPrimaryKey" parameterType="java.lang.String" >
    delete from follow_up_info
    where id = #{id,jdbcType=VARCHAR}
  </delete>
  <insert id="insert" parameterType="org.pcl.tms.Model.FollowUpInfo" >
    insert into follow_up_info (id, worksheet_url, exception_id, 
      is_valid, exception_decription)
    values (#{id,jdbcType=VARCHAR}, #{worksheetUrl,jdbcType=VARCHAR}, #{exceptionId,jdbcType=INTEGER}, 
      #{isValid,jdbcType=INTEGER}, #{exceptionDecription,jdbcType=LONGVARCHAR})
  </insert>
  <insert id="insertSelective" parameterType="org.pcl.tms.Model.FollowUpInfo" >
    insert into follow_up_info
    <trim prefix="(" suffix=")" suffixOverrides="," >
      <if test="id != null" >
        id,
      </if>
      <if test="worksheetUrl != null" >
        worksheet_url,
      </if>
      <if test="exceptionId != null" >
        exception_id,
      </if>
      <if test="isValid != null" >
        is_valid,
      </if>
      <if test="exceptionDecription != null" >
        exception_decription,
      </if>
    </trim>
    <trim prefix="values (" suffix=")" suffixOverrides="," >
      <if test="id != null" >
        #{id,jdbcType=VARCHAR},
      </if>
      <if test="worksheetUrl != null" >
        #{worksheetUrl,jdbcType=VARCHAR},
      </if>
      <if test="exceptionId != null" >
        #{exceptionId,jdbcType=INTEGER},
      </if>
      <if test="isValid != null" >
        #{isValid,jdbcType=INTEGER},
      </if>
      <if test="exceptionDecription != null" >
        #{exceptionDecription,jdbcType=LONGVARCHAR},
      </if>
    </trim>
  </insert>
  <update id="updateByPrimaryKeySelective" parameterType="org.pcl.tms.Model.FollowUpInfo" >
    update follow_up_info
    <set >
      <if test="worksheetUrl != null" >
        worksheet_url = #{worksheetUrl,jdbcType=VARCHAR},
      </if>
      <if test="exceptionId != null" >
        exception_id = #{exceptionId,jdbcType=INTEGER},
      </if>
      <if test="isValid != null" >
        is_valid = #{isValid,jdbcType=INTEGER},
      </if>
      <if test="exceptionDecription != null" >
        exception_decription = #{exceptionDecription,jdbcType=LONGVARCHAR},
      </if>
    </set>
    where id = #{id,jdbcType=VARCHAR}
  </update>
  <update id="updateByPrimaryKeyWithBLOBs" parameterType="org.pcl.tms.Model.FollowUpInfo" >
    update follow_up_info
    set worksheet_url = #{worksheetUrl,jdbcType=VARCHAR},
      exception_id = #{exceptionId,jdbcType=INTEGER},
      is_valid = #{isValid,jdbcType=INTEGER},
      exception_decription = #{exceptionDecription,jdbcType=LONGVARCHAR}
    where id = #{id,jdbcType=VARCHAR}
  </update>
  <update id="updateByPrimaryKey" parameterType="org.pcl.tms.Model.FollowUpInfo" >
    update follow_up_info
    set worksheet_url = #{worksheetUrl,jdbcType=VARCHAR},
      exception_id = #{exceptionId,jdbcType=INTEGER},
      is_valid = #{isValid,jdbcType=INTEGER}
    where id = #{id,jdbcType=VARCHAR}
  </update>
</mapper>