<?xml version="1.0" encoding="UTF-8" ?>
<!DOCTYPE mapper PUBLIC "-//mybatis.org//DTD Mapper 3.0//EN" "http://mybatis.org/dtd/mybatis-3-mapper.dtd" >
<mapper namespace="org.pcl.tms.Mapper.FromPHYInfoMapper" >
  <resultMap id="BaseResultMap" type="org.pcl.tms.Model.FromPHYInfo" >
    <id column="id" property="id" jdbcType="VARCHAR" />
    <result column="tigui_address" property="tiguiAddress" jdbcType="VARCHAR" />
    <result column="haigui_address" property="haiguiAddress" jdbcType="VARCHAR" />
    <result column="eir_url" property="eirUrl" jdbcType="VARCHAR" />
    <result column="boat_name" property="boatName" jdbcType="VARCHAR" />
    <result column="hangci" property="hangci" jdbcType="VARCHAR" />
    <result column="so_num" property="soNum" jdbcType="VARCHAR" />
    <result column="is_valid" property="isValid" jdbcType="INTEGER" />
    <result column="tigui_duichang" property="tiguiDuichang" jdbcType="VARCHAR" />
    <result column="haigui_duichang" property="haiguiDuichang" jdbcType="VARCHAR" />
    <result column="jieguan_shijian" property="jieguanShijian" jdbcType="DATE" />
    <result column="so_houzhui" property="soHouzhui" jdbcType="VARCHAR" />
  </resultMap>
  <sql id="Base_Column_List" >
    id, tigui_address, haigui_address, eir_url, boat_name, hangci, so_num, is_valid, 
    tigui_duichang, haigui_duichang, jieguan_shijian, so_houzhui
  </sql>
  <select id="selectByPrimaryKey" resultMap="BaseResultMap" parameterType="java.lang.String" >
    select 
    <include refid="Base_Column_List" />
    from from_phy_info
    where id = #{id,jdbcType=VARCHAR}
  </select>
  <delete id="deleteByPrimaryKey" parameterType="java.lang.String" >
    delete from from_phy_info
    where id = #{id,jdbcType=VARCHAR}
  </delete>
  <insert id="insert" parameterType="org.pcl.tms.Model.FromPHYInfo" >
    insert into from_phy_info (id, tigui_address, haigui_address, 
      eir_url, boat_name, hangci, 
      so_num, is_valid, tigui_duichang, 
      haigui_duichang, jieguan_shijian, so_houzhui
      )
    values (#{id,jdbcType=VARCHAR}, #{tiguiAddress,jdbcType=VARCHAR}, #{haiguiAddress,jdbcType=VARCHAR}, 
      #{eirUrl,jdbcType=VARCHAR}, #{boatName,jdbcType=VARCHAR}, #{hangci,jdbcType=VARCHAR}, 
      #{soNum,jdbcType=VARCHAR}, #{isValid,jdbcType=INTEGER}, #{tiguiDuichang,jdbcType=VARCHAR}, 
      #{haiguiDuichang,jdbcType=VARCHAR}, #{jieguanShijian,jdbcType=DATE}, #{soHouzhui,jdbcType=VARCHAR}
      )
  </insert>
  <insert id="insertSelective" parameterType="org.pcl.tms.Model.FromPHYInfo" >
    insert into from_phy_info
    <trim prefix="(" suffix=")" suffixOverrides="," >
      <if test="id != null" >
        id,
      </if>
      <if test="tiguiAddress != null" >
        tigui_address,
      </if>
      <if test="haiguiAddress != null" >
        haigui_address,
      </if>
      <if test="eirUrl != null" >
        eir_url,
      </if>
      <if test="boatName != null" >
        boat_name,
      </if>
      <if test="hangci != null" >
        hangci,
      </if>
      <if test="soNum != null" >
        so_num,
      </if>
      <if test="isValid != null" >
        is_valid,
      </if>
      <if test="tiguiDuichang != null" >
        tigui_duichang,
      </if>
      <if test="haiguiDuichang != null" >
        haigui_duichang,
      </if>
      <if test="jieguanShijian != null" >
        jieguan_shijian,
      </if>
      <if test="soHouzhui != null" >
        so_houzhui,
      </if>
    </trim>
    <trim prefix="values (" suffix=")" suffixOverrides="," >
      <if test="id != null" >
        #{id,jdbcType=VARCHAR},
      </if>
      <if test="tiguiAddress != null" >
        #{tiguiAddress,jdbcType=VARCHAR},
      </if>
      <if test="haiguiAddress != null" >
        #{haiguiAddress,jdbcType=VARCHAR},
      </if>
      <if test="eirUrl != null" >
        #{eirUrl,jdbcType=VARCHAR},
      </if>
      <if test="boatName != null" >
        #{boatName,jdbcType=VARCHAR},
      </if>
      <if test="hangci != null" >
        #{hangci,jdbcType=VARCHAR},
      </if>
      <if test="soNum != null" >
        #{soNum,jdbcType=VARCHAR},
      </if>
      <if test="isValid != null" >
        #{isValid,jdbcType=INTEGER},
      </if>
      <if test="tiguiDuichang != null" >
        #{tiguiDuichang,jdbcType=VARCHAR},
      </if>
      <if test="haiguiDuichang != null" >
        #{haiguiDuichang,jdbcType=VARCHAR},
      </if>
      <if test="jieguanShijian != null" >
        #{jieguanShijian,jdbcType=DATE},
      </if>
      <if test="soHouzhui != null" >
        #{soHouzhui,jdbcType=VARCHAR},
      </if>
    </trim>
  </insert>
  <update id="updateByPrimaryKeySelective" parameterType="org.pcl.tms.Model.FromPHYInfo" >
    update from_phy_info
    <set >
      <if test="tiguiAddress != null" >
        tigui_address = #{tiguiAddress,jdbcType=VARCHAR},
      </if>
      <if test="haiguiAddress != null" >
        haigui_address = #{haiguiAddress,jdbcType=VARCHAR},
      </if>
      <if test="eirUrl != null" >
        eir_url = #{eirUrl,jdbcType=VARCHAR},
      </if>
      <if test="boatName != null" >
        boat_name = #{boatName,jdbcType=VARCHAR},
      </if>
      <if test="hangci != null" >
        hangci = #{hangci,jdbcType=VARCHAR},
      </if>
      <if test="soNum != null" >
        so_num = #{soNum,jdbcType=VARCHAR},
      </if>
      <if test="isValid != null" >
        is_valid = #{isValid,jdbcType=INTEGER},
      </if>
      <if test="tiguiDuichang != null" >
        tigui_duichang = #{tiguiDuichang,jdbcType=VARCHAR},
      </if>
      <if test="haiguiDuichang != null" >
        haigui_duichang = #{haiguiDuichang,jdbcType=VARCHAR},
      </if>
      <if test="jieguanShijian != null" >
        jieguan_shijian = #{jieguanShijian,jdbcType=DATE},
      </if>
      <if test="soHouzhui != null" >
        so_houzhui = #{soHouzhui,jdbcType=VARCHAR},
      </if>
    </set>
    where id = #{id,jdbcType=VARCHAR}
  </update>
  <update id="updateByPrimaryKey" parameterType="org.pcl.tms.Model.FromPHYInfo" >
    update from_phy_info
    set tigui_address = #{tiguiAddress,jdbcType=VARCHAR},
      haigui_address = #{haiguiAddress,jdbcType=VARCHAR},
      eir_url = #{eirUrl,jdbcType=VARCHAR},
      boat_name = #{boatName,jdbcType=VARCHAR},
      hangci = #{hangci,jdbcType=VARCHAR},
      so_num = #{soNum,jdbcType=VARCHAR},
      is_valid = #{isValid,jdbcType=INTEGER},
      tigui_duichang = #{tiguiDuichang,jdbcType=VARCHAR},
      haigui_duichang = #{haiguiDuichang,jdbcType=VARCHAR},
      jieguan_shijian = #{jieguanShijian,jdbcType=DATE},
      so_houzhui = #{soHouzhui,jdbcType=VARCHAR}
    where id = #{id,jdbcType=VARCHAR}
  </update>
</mapper>