<?xml version="1.0" encoding="UTF-8" ?>
<!DOCTYPE mapper PUBLIC "-//mybatis.org//DTD Mapper 3.0//EN" "http://mybatis.org/dtd/mybatis-3-mapper.dtd" >
<mapper namespace="org.pcl.tms.Mapper.OrderMapper" >
  <resultMap id="BaseResultMap" type="org.pcl.tms.Model.Order" >
    <id column="id" property="id" jdbcType="VARCHAR" />
    <result column="client_id" property="clientId" jdbcType="INTEGER" />
    <result column="business_info_id" property="businessInfoId" jdbcType="VARCHAR" />
    <result column="is_valid" property="isValid" jdbcType="INTEGER" />
    <result column="dugui_time" property="duguiTime" jdbcType="TIMESTAMP" />
    <result column="duguiduichang_address" property="duguiduichangAddress" jdbcType="VARCHAR" />
    <result column="is_save" property="isSave" jdbcType="INTEGER" />
    <result column="is_send_success" property="isSendSuccess" jdbcType="INTEGER" />
    <result column="follow_up_id" property="followUpId" jdbcType="VARCHAR" />
    <result column="create_time" property="createTime" jdbcType="TIMESTAMP" />
    <result column="factory_id" property="factoryId" jdbcType="VARCHAR" />
    <result column="is_submit" property="isSubmit" jdbcType="INTEGER" />
    <result column="process_status" property="processStatus" jdbcType="INTEGER" />
    <result column="car_status" property="carStatus" jdbcType="INTEGER" />
    <result column="from_phy_id" property="fromPhyId" jdbcType="VARCHAR" />
    <result column="driver_order_id" property="driverOrderId" jdbcType="VARCHAR" />
    <result column="double_related_order" property="doubleRelatedOrder" jdbcType="VARCHAR" />
    <result column="is_selected" property="isSelected" jdbcType="INTEGER" />
  </resultMap>
  <sql id="Base_Column_List" >
    id, client_id, business_info_id, is_valid, dugui_time, duguiduichang_address, is_save, 
    is_send_success, follow_up_id, create_time, factory_id, is_submit, process_status, 
    car_status, from_phy_id, driver_order_id, double_related_order, is_selected
  </sql>
  <select id="selectAll" resultMap="BaseResultMap" parameterType="java.lang.String">
    select *
    from
     (orders o inner join business_info bi on o.business_info_id = bi.id)
    where o.is_valid=1
    <if test="type != null and type !=0" >
      and bi.order_type = #{type,jdbcType=VARCHAR}
    </if>
    order by ${order} ${rule}
  </select>

  <select id="countToday" resultType="java.lang.Integer">
    select count(*) from orders o where date(o.create_time) = curdate();
  </select>

  <select id="countWeek" resultType="java.lang.Integer">
    select count(*)
    from orders o
    where date_sub(curdate(), interval 7 day) <![CDATA[ <= ]]> date(o.create_time);
  </select>

  <select id="countMonth" resultType="java.lang.Integer">
    SELECT count(*) FROM orders o where DATE_SUB(CURDATE(), INTERVAL 30 DAY)  <![CDATA[ <= ]]>  date(o.create_time);
  </select>

  <select id="count7dayByCondition" resultType="java.lang.Integer" parameterType="java.lang.Integer">
    select count(*)
    from
        (orders o inner join business_info bi on o.business_info_id = bi.id)
    where
        (o.process_status = 0 and #{type} = 0)
    or
        (o.process_status =1 and #{type} = 1)
    or
        (o.process_status =2 and #{type} =2 and bi.order_type != 3)
    or
        (o.process_status =3 and #{type} =3 and bi.order_type != 3)
    and
        date_sub(curdate(), interval 7 day)  <![CDATA[ <= ]]> date(o.create_time)
  </select>

  <update id="unbindOrder" parameterType="org.pcl.tms.Model.Order" >
    update orders
    set double_related_order = NULL
    where id = #{id,jdbcType=VARCHAR}
  </update>
  <select id="selectBybinfo" resultMap="BaseResultMap" parameterType="java.lang.String">
    select *
    from orders
    where business_info_id = #{business_info_id} and is_selected = 0
  </select>
<!--  select * from-->
<!--  (orders o inner join business_info bi on o.business_info_id = bi.id)-->
<!--  where o.process_status=#{state} and o.is_valid=1 and bi.order_type !=3-->
<!--  order by ${order} ${rule}-->
  <select id="selectByCondition" resultMap="BaseResultMap" parameterType="java.lang.Integer">
     select * from
    (orders o inner join business_info bi on o.business_info_id = bi.id)
    where
    	(o.process_status= ${state} and o.is_valid=1 and bi.order_type !=3 and o.process_status != 1 and o.process_status!=6)
	or ((${state} =1 and #{state} = o.process_status and o.is_valid =1 ) or
		((${state}= 6 and o.process_status = 6 and o.is_valid=1 ) or (${state}= 6 and bi.order_type =3 and o.process_status=3 and bi.id=o.business_info_id)))
    <if test="type != null and type !=0" >
      and bi.order_type = #{type,jdbcType=VARCHAR}
    </if>
    order by  ${order} ${rule}
  </select>
<!--  渡柜单大于等于1就能看到-->
  <select id="selectFeeOrders" resultMap="BaseResultMap" parameterType="java.lang.String">
    select *
    from (orders o inner join business_info bi on o.business_info_id = bi.id)
    where
        (o.process_status >= 4 and bi.order_type !=3)
        or
        (o.process_status >=2 and bi.order_type =3)
    order by ${order} ${rule}
  </select>
  <select id="selectByType" resultMap="BaseResultMap" parameterType="java.lang.Integer">
    select *
    from orders o
    where o.business_info_id =
    any(select id from business_info where order_type = #{type})
    order by ${order} ${rule}
  </select>
  <select id="countByType" parameterType="java.lang.Integer" resultType="java.lang.Integer">
   select count(*)
    from orders o
    where o.business_info_id =
    any(select id from business_info where order_type = #{type})
  </select>
  <select id="countAllOrders" resultType="java.lang.Integer">
    select count(*)
    from
    (orders o inner join business_info bi on o.business_info_id = bi.id)
    where o.is_valid = 1
    <if test="type != null and type !=0" >
      and bi.order_type = #{type,jdbcType=VARCHAR}
    </if>
  </select>


  <select id="countByCondition" resultType="java.lang.Integer" parameterType="java.lang.Integer">
    select count(*)
    from (orders o inner join business_info bi on o.business_info_id = bi.id)
    where
    (o.process_status=#{state} and o.is_valid=1 and bi.order_type !=3 and #{state} !=6)
    or
    ((#{state}=6 and o.process_status =6 and o.is_valid=1 and bi.order_type !=3)
    or
    (#{state} =6 and o.process_status =3 and o.is_valid =1 and bi.order_type =3))
    <if test="type != null and type !=0" >
      and bi.order_type = #{type,jdbcType=VARCHAR}
    </if>

  </select>
  <select id="selectByDriverOrderID" resultMap="BaseResultMap" parameterType="java.lang.String">
    select *
    from orders
    where driver_order_id = #{driver_order_id}
  </select>

  <select id="CountCurrentDay" resultType="java.lang.Integer" resultMap="BaseResultMap">
    select *
    from tms.orders
    where date_format(create_time,'%Y-%m-%d') = date_format(now(),'%Y-%m-%d')
  </select>
  <select id="selectByPrimaryKey" resultMap="BaseResultMap" parameterType="java.lang.String" >
    select 
    <include refid="Base_Column_List" />
    from orders
    where id = #{id,jdbcType=VARCHAR}
  </select>
  <delete id="deleteByPrimaryKey" parameterType="java.lang.String" >
    delete from orders
    where id = #{id,jdbcType=VARCHAR}
  </delete>
  <insert id="insert" parameterType="org.pcl.tms.Model.Order" >
    insert into orders (id, client_id, business_info_id, 
      is_valid, dugui_time, duguiduichang_address, 
      is_save, is_send_success, follow_up_id, 
      create_time, factory_id, is_submit, 
      process_status, car_status, from_phy_id, 
      driver_order_id, double_related_order, is_selected
      )
    values (#{id,jdbcType=VARCHAR}, #{clientId,jdbcType=INTEGER}, #{businessInfoId,jdbcType=VARCHAR}, 
      #{isValid,jdbcType=INTEGER}, #{duguiTime,jdbcType=TIMESTAMP}, #{duguiduichangAddress,jdbcType=VARCHAR}, 
      #{isSave,jdbcType=INTEGER}, #{isSendSuccess,jdbcType=INTEGER}, #{followUpId,jdbcType=VARCHAR}, 
      #{createTime,jdbcType=TIMESTAMP}, #{factoryId,jdbcType=VARCHAR}, #{isSubmit,jdbcType=INTEGER}, 
      #{processStatus,jdbcType=INTEGER}, #{carStatus,jdbcType=INTEGER}, #{fromPhyId,jdbcType=VARCHAR}, 
      #{driverOrderId,jdbcType=VARCHAR}, #{doubleRelatedOrder,jdbcType=VARCHAR}, #{isSelected,jdbcType=INTEGER}
      )
  </insert>
  <insert id="insertSelective" parameterType="org.pcl.tms.Model.Order" >
    insert into orders
    <trim prefix="(" suffix=")" suffixOverrides="," >
      <if test="id != null" >
        id,
      </if>
      <if test="clientId != null" >
        client_id,
      </if>
      <if test="businessInfoId != null" >
        business_info_id,
      </if>
      <if test="isValid != null" >
        is_valid,
      </if>
      <if test="duguiTime != null" >
        dugui_time,
      </if>
      <if test="duguiduichangAddress != null" >
        duguiduichang_address,
      </if>
      <if test="isSave != null" >
        is_save,
      </if>
      <if test="isSendSuccess != null" >
        is_send_success,
      </if>
      <if test="followUpId != null" >
        follow_up_id,
      </if>
      <if test="createTime != null" >
        create_time,
      </if>
      <if test="factoryId != null" >
        factory_id,
      </if>
      <if test="isSubmit != null" >
        is_submit,
      </if>
      <if test="processStatus != null" >
        process_status,
      </if>
      <if test="carStatus != null" >
        car_status,
      </if>
      <if test="fromPhyId != null" >
        from_phy_id,
      </if>
      <if test="driverOrderId != null" >
        driver_order_id,
      </if>
      <if test="doubleRelatedOrder != null" >
        double_related_order,
      </if>
      <if test="isSelected != null" >
        is_selected,
      </if>
    </trim>
    <trim prefix="values (" suffix=")" suffixOverrides="," >
      <if test="id != null" >
        #{id,jdbcType=VARCHAR},
      </if>
      <if test="clientId != null" >
        #{clientId,jdbcType=INTEGER},
      </if>
      <if test="businessInfoId != null" >
        #{businessInfoId,jdbcType=VARCHAR},
      </if>
      <if test="isValid != null" >
        #{isValid,jdbcType=INTEGER},
      </if>
      <if test="duguiTime != null" >
        #{duguiTime,jdbcType=TIMESTAMP},
      </if>
      <if test="duguiduichangAddress != null" >
        #{duguiduichangAddress,jdbcType=VARCHAR},
      </if>
      <if test="isSave != null" >
        #{isSave,jdbcType=INTEGER},
      </if>
      <if test="isSendSuccess != null" >
        #{isSendSuccess,jdbcType=INTEGER},
      </if>
      <if test="followUpId != null" >
        #{followUpId,jdbcType=VARCHAR},
      </if>
      <if test="createTime != null" >
        #{createTime,jdbcType=TIMESTAMP},
      </if>
      <if test="factoryId != null" >
        #{factoryId,jdbcType=VARCHAR},
      </if>
      <if test="isSubmit != null" >
        #{isSubmit,jdbcType=INTEGER},
      </if>
      <if test="processStatus != null" >
        #{processStatus,jdbcType=INTEGER},
      </if>
      <if test="carStatus != null" >
        #{carStatus,jdbcType=INTEGER},
      </if>
      <if test="fromPhyId != null" >
        #{fromPhyId,jdbcType=VARCHAR},
      </if>
      <if test="driverOrderId != null" >
        #{driverOrderId,jdbcType=VARCHAR},
      </if>
      <if test="doubleRelatedOrder != null" >
        #{doubleRelatedOrder,jdbcType=VARCHAR},
      </if>
      <if test="isSelected != null" >
        #{isSelected,jdbcType=INTEGER},
      </if>
    </trim>
  </insert>
  <update id="updateByPrimaryKeySelective" parameterType="org.pcl.tms.Model.Order" >
    update orders
    <set >
      <if test="clientId != null" >
        client_id = #{clientId,jdbcType=INTEGER},
      </if>
      <if test="businessInfoId != null" >
        business_info_id = #{businessInfoId,jdbcType=VARCHAR},
      </if>
      <if test="isValid != null" >
        is_valid = #{isValid,jdbcType=INTEGER},
      </if>
      <if test="duguiTime != null" >
        dugui_time = #{duguiTime,jdbcType=TIMESTAMP},
      </if>
      <if test="duguiduichangAddress != null" >
        duguiduichang_address = #{duguiduichangAddress,jdbcType=VARCHAR},
      </if>
      <if test="isSave != null" >
        is_save = #{isSave,jdbcType=INTEGER},
      </if>
      <if test="isSendSuccess != null" >
        is_send_success = #{isSendSuccess,jdbcType=INTEGER},
      </if>
      <if test="followUpId != null" >
        follow_up_id = #{followUpId,jdbcType=VARCHAR},
      </if>
      <if test="createTime != null" >
        create_time = #{createTime,jdbcType=TIMESTAMP},
      </if>
      <if test="factoryId != null" >
        factory_id = #{factoryId,jdbcType=VARCHAR},
      </if>
      <if test="isSubmit != null" >
        is_submit = #{isSubmit,jdbcType=INTEGER},
      </if>
      <if test="processStatus != null" >
        process_status = #{processStatus,jdbcType=INTEGER},
      </if>
      <if test="carStatus != null" >
        car_status = #{carStatus,jdbcType=INTEGER},
      </if>
      <if test="fromPhyId != null" >
        from_phy_id = #{fromPhyId,jdbcType=VARCHAR},
      </if>
      <if test="driverOrderId != null" >
        driver_order_id = #{driverOrderId,jdbcType=VARCHAR},
      </if>
      <if test="doubleRelatedOrder != null" >
        double_related_order = #{doubleRelatedOrder,jdbcType=VARCHAR},
      </if>
      <if test="isSelected != null" >
        is_selected = #{isSelected,jdbcType=INTEGER},
      </if>
    </set>
    where id = #{id,jdbcType=VARCHAR}
  </update>
  <update id="updateByPrimaryKey" parameterType="org.pcl.tms.Model.Order" >
    update orders
    set client_id = #{clientId,jdbcType=INTEGER},
      business_info_id = #{businessInfoId,jdbcType=VARCHAR},
      is_valid = #{isValid,jdbcType=INTEGER},
      dugui_time = #{duguiTime,jdbcType=TIMESTAMP},
      duguiduichang_address = #{duguiduichangAddress,jdbcType=VARCHAR},
      is_save = #{isSave,jdbcType=INTEGER},
      is_send_success = #{isSendSuccess,jdbcType=INTEGER},
      follow_up_id = #{followUpId,jdbcType=VARCHAR},
      create_time = #{createTime,jdbcType=TIMESTAMP},
      factory_id = #{factoryId,jdbcType=VARCHAR},
      is_submit = #{isSubmit,jdbcType=INTEGER},
      process_status = #{processStatus,jdbcType=INTEGER},
      car_status = #{carStatus,jdbcType=INTEGER},
      from_phy_id = #{fromPhyId,jdbcType=VARCHAR},
      driver_order_id = #{driverOrderId,jdbcType=VARCHAR},
      double_related_order = #{doubleRelatedOrder,jdbcType=VARCHAR},
      is_selected = #{isSelected,jdbcType=INTEGER}
    where id = #{id,jdbcType=VARCHAR}
  </update>
</mapper>