<?xml version="1.0" encoding="UTF-8" ?>
<!DOCTYPE mapper PUBLIC "-//mybatis.org//DTD Mapper 3.0//EN" "http://mybatis.org/dtd/mybatis-3-mapper.dtd" >
<mapper namespace="org.pcl.tms.Mapper.SensorMapper" >
  <resultMap id="BaseResultMap" type="org.pcl.tms.Model.Sensor" >
    <id column="address_code" property="addressCode" jdbcType="VARCHAR" />
    <result column="t_value" property="tValue" jdbcType="VARCHAR" />
    <result column="h_value" property="hValue" jdbcType="VARCHAR" />
    <result column="power" property="power" jdbcType="VARCHAR" />
  </resultMap>
  <sql id="Base_Column_List" >
    address_code, t_value, h_value, power
  </sql>
  <select id="selectByPrimaryKey" resultMap="BaseResultMap" parameterType="java.lang.String" >
    select 
    <include refid="Base_Column_List" />
    from sensor
    where address_code = #{addressCode,jdbcType=VARCHAR}
  </select>
  <delete id="deleteByPrimaryKey" parameterType="java.lang.String" >
    delete from sensor
    where address_code = #{addressCode,jdbcType=VARCHAR}
  </delete>
  <insert id="insert" parameterType="org.pcl.tms.Model.Sensor" >
    insert into sensor (address_code, t_value, h_value, 
      power)
    values (#{addressCode,jdbcType=VARCHAR}, #{tValue,jdbcType=VARCHAR}, #{hValue,jdbcType=VARCHAR}, 
      #{power,jdbcType=VARCHAR})
  </insert>
  <insert id="insertSelective" parameterType="org.pcl.tms.Model.Sensor" >
    insert into sensor
    <trim prefix="(" suffix=")" suffixOverrides="," >
      <if test="addressCode != null" >
        address_code,
      </if>
      <if test="tValue != null" >
        t_value,
      </if>
      <if test="hValue != null" >
        h_value,
      </if>
      <if test="power != null" >
        power,
      </if>
    </trim>
    <trim prefix="values (" suffix=")" suffixOverrides="," >
      <if test="addressCode != null" >
        #{addressCode,jdbcType=VARCHAR},
      </if>
      <if test="tValue != null" >
        #{tValue,jdbcType=VARCHAR},
      </if>
      <if test="hValue != null" >
        #{hValue,jdbcType=VARCHAR},
      </if>
      <if test="power != null" >
        #{power,jdbcType=VARCHAR},
      </if>
    </trim>
  </insert>
  <update id="updateByPrimaryKeySelective" parameterType="org.pcl.tms.Model.Sensor" >
    update sensor
    <set >
      <if test="tValue != null" >
        t_value = #{tValue,jdbcType=VARCHAR},
      </if>
      <if test="hValue != null" >
        h_value = #{hValue,jdbcType=VARCHAR},
      </if>
      <if test="power != null" >
        power = #{power,jdbcType=VARCHAR},
      </if>
    </set>
    where address_code = #{addressCode,jdbcType=VARCHAR}
  </update>
  <update id="updateByPrimaryKey" parameterType="org.pcl.tms.Model.Sensor" >
    update sensor
    set t_value = #{tValue,jdbcType=VARCHAR},
      h_value = #{hValue,jdbcType=VARCHAR},
      power = #{power,jdbcType=VARCHAR}
    where address_code = #{addressCode,jdbcType=VARCHAR}
  </update>
</mapper>