<?xml version="1.0" encoding="UTF-8" ?>
<!DOCTYPE mapper PUBLIC "-//mybatis.org//DTD Mapper 3.0//EN" "http://mybatis.org/dtd/mybatis-3-mapper.dtd" >
<mapper namespace="org.pcl.tms.Mapper.SMSCodeMapper" >
  <resultMap id="BaseResultMap" type="org.pcl.tms.Model.SMSCode" >
    <id column="id" property="id" jdbcType="INTEGER" />
    <result column="msg_id" property="msgId" jdbcType="VARCHAR" />
    <result column="phone" property="phone" jdbcType="VARCHAR" />
    <result column="create_time" property="createTime" jdbcType="TIMESTAMP" />
  </resultMap>
  <sql id="Base_Column_List" >
    id, msg_id, phone, create_time
  </sql>
  <select id="selectByPrimaryKey" resultMap="BaseResultMap" parameterType="java.lang.Integer" >
    select 
    <include refid="Base_Column_List" />
    from sms_code
    where id = #{id,jdbcType=INTEGER}
  </select>
  <select id="selectLatestCode" resultMap="BaseResultMap" parameterType="java.lang.String">
    select *
    from sms_code
    where phone = #{phone}
    order by create_time desc
    limit 1
  </select>
  <delete id="deleteByPrimaryKey" parameterType="java.lang.Integer" >
    delete from sms_code
    where id = #{id,jdbcType=INTEGER}
  </delete>
  <insert id="insert" parameterType="org.pcl.tms.Model.SMSCode" >
    insert into sms_code (id, msg_id, phone, 
      create_time)
    values (#{id,jdbcType=INTEGER}, #{msgId,jdbcType=VARCHAR}, #{phone,jdbcType=VARCHAR}, 
      #{createTime,jdbcType=TIMESTAMP})
  </insert>
  <insert id="insertSelective" parameterType="org.pcl.tms.Model.SMSCode" >
    insert into sms_code
    <trim prefix="(" suffix=")" suffixOverrides="," >
      <if test="id != null" >
        id,
      </if>
      <if test="msgId != null" >
        msg_id,
      </if>
      <if test="phone != null" >
        phone,
      </if>
      <if test="createTime != null" >
        create_time,
      </if>
    </trim>
    <trim prefix="values (" suffix=")" suffixOverrides="," >
      <if test="id != null" >
        #{id,jdbcType=INTEGER},
      </if>
      <if test="msgId != null" >
        #{msgId,jdbcType=VARCHAR},
      </if>
      <if test="phone != null" >
        #{phone,jdbcType=VARCHAR},
      </if>
      <if test="createTime != null" >
        #{createTime,jdbcType=TIMESTAMP},
      </if>
    </trim>
  </insert>
  <update id="updateByPrimaryKeySelective" parameterType="org.pcl.tms.Model.SMSCode" >
    update sms_code
    <set >
      <if test="msgId != null" >
        msg_id = #{msgId,jdbcType=VARCHAR},
      </if>
      <if test="phone != null" >
        phone = #{phone,jdbcType=VARCHAR},
      </if>
      <if test="createTime != null" >
        create_time = #{createTime,jdbcType=TIMESTAMP},
      </if>
    </set>
    where id = #{id,jdbcType=INTEGER}
  </update>
  <update id="updateByPrimaryKey" parameterType="org.pcl.tms.Model.SMSCode" >
    update sms_code
    set msg_id = #{msgId,jdbcType=VARCHAR},
      phone = #{phone,jdbcType=VARCHAR},
      create_time = #{createTime,jdbcType=TIMESTAMP}
    where id = #{id,jdbcType=INTEGER}
  </update>
</mapper>