<?xml version="1.0" encoding="UTF-8" ?>
<!DOCTYPE mapper PUBLIC "-//mybatis.org//DTD Mapper 3.0//EN" "http://mybatis.org/dtd/mybatis-3-mapper.dtd" >
<mapper namespace="org.pcl.tms.Mapper.WeighingTypeMapper" >
  <resultMap id="BaseResultMap" type="org.pcl.tms.Model.WeighingType" >
    <id column="id" property="id" jdbcType="INTEGER" />
    <result column="weighing_name" property="weighingName" jdbcType="VARCHAR" />
  </resultMap>
  <sql id="Base_Column_List" >
    id, weighing_name
  </sql>
  <select id="selectByPrimaryKey" resultMap="BaseResultMap" parameterType="java.lang.Integer" >
    select 
    <include refid="Base_Column_List" />
    from weighing_type
    where id = #{id,jdbcType=INTEGER}
  </select>
  <delete id="deleteByPrimaryKey" parameterType="java.lang.Integer" >
    delete from weighing_type
    where id = #{id,jdbcType=INTEGER}
  </delete>
  <insert id="insert" parameterType="org.pcl.tms.Model.WeighingType" >
    insert into weighing_type (id, weighing_name)
    values (#{id,jdbcType=INTEGER}, #{weighingName,jdbcType=VARCHAR})
  </insert>
  <insert id="insertSelective" parameterType="org.pcl.tms.Model.WeighingType" >
    insert into weighing_type
    <trim prefix="(" suffix=")" suffixOverrides="," >
      <if test="id != null" >
        id,
      </if>
      <if test="weighingName != null" >
        weighing_name,
      </if>
    </trim>
    <trim prefix="values (" suffix=")" suffixOverrides="," >
      <if test="id != null" >
        #{id,jdbcType=INTEGER},
      </if>
      <if test="weighingName != null" >
        #{weighingName,jdbcType=VARCHAR},
      </if>
    </trim>
  </insert>
  <update id="updateByPrimaryKeySelective" parameterType="org.pcl.tms.Model.WeighingType" >
    update weighing_type
    <set >
      <if test="weighingName != null" >
        weighing_name = #{weighingName,jdbcType=VARCHAR},
      </if>
    </set>
    where id = #{id,jdbcType=INTEGER}
  </update>
  <update id="updateByPrimaryKey" parameterType="org.pcl.tms.Model.WeighingType" >
    update weighing_type
    set weighing_name = #{weighingName,jdbcType=VARCHAR}
    where id = #{id,jdbcType=INTEGER}
  </update>
</mapper>